id,name,s2006e2020bao,s2006e2020bah,s2006e2020bal
0050,元大台灣50,8.5,8.0,8.9
0051,元大中型100,5.7,5.1,6.3
0052,富邦科技,10.1,9.6,10.8
0053,元大電子,7.6,7.0,8.5
0054,元大台商50,3.8,3.1,4.6
0055,元大MSCI金融,3.5,2.9,4.4
0056,元大高股息,5.3,4.9,5.9
0057,富邦摩台,7.5,6.9,8.2
0058,富邦發達,4.4,3.8,5.0
0059,富邦金融,4.6,3.9,5.6
0061,元大寶滬深,2.3,1.7,3.0
006201,元大富櫃50,2.7,1.9,3.5
006203,元大MSCI台灣,9.0,8.5,9.4
006204,永豐臺灣加權,9.4,9.0,9.7
006205,富邦上証,5.7,5.1,6.2
006206,元大上證50,7.0,6.4,7.6
006207,FH滬深,7.9,7.2,8.4
006208,富邦台50,12.4,11.8,12.7
00625K,富邦上証+R,8.9,8.2,9.3
00631L,元大台灣50正2,23.1,21.9,24.1
00632R,元大台灣50反1,-12.8,-13.3,-11.8
00633L,富邦上証正2,9.2,7.8,11.3
00634R,富邦上証反1,-14.5,-15.2,-13.0
00635U,元大S&P黃金,4.4,3.8,4.7
00636,國泰中國A50,5.7,4.8,6.6
00636K,國泰中國A50+U,10.0,9.0,10.8
00637L,元大滬深300正2,6.9,5.0,9.5
00638R,元大滬深300反1,-13.4,-14.1,81.1
00639,富邦深100,2.9,1.7,4.4
00640L,富邦日本正2,4.0,3.2,5.8
00641R,富邦日本反1,-7.9,-8.5,-7.2
00642U,元大S&P石油,-13.0,-13.6,-11.2
00643,群益深証中小,0.8,-0.2,1.8
00643K,群益深証中小+R,5.1,4.4,5.8
00645,富邦日本,2.8,2.3,3.5
00646,元大S&P500,8.0,7.5,8.4
00647L,元大S&P500正2,15.8,15.0,16.8
00648R,元大S&P500反1,-12.5,-13.0,-11.5
00649,FH香港,8.5,7.6,8.7
00650L,FH香港正2,11.6,10.4,12.3
00651R,FH香港反1,-11.2,-11.9,-10.1
00652,富邦印度,3.8,3.2,4.5
00653L,富邦印度正2,9.9,9.0,11.2
00654R,富邦印度反1,-11.2,-11.8,-10.3
00655L,國泰中國A50正2,20.1,18.5,21.3
00656R,國泰中國A50反1,-16.6,-17.1,-15.0
00657,國泰日經225,10.3,9.6,10.9
00657K,國泰日經225+U,8.5,7.8,9.2
00658L,國泰日本正2,11.1,10.2,11.8
00659R,國泰日本反1,-9.1,-9.4,-8.1
00660,元大歐洲50,6.0,5.5,6.6
00661,元大日經225,10.2,9.6,10.8
00662,富邦NASDAQ,17.3,16.4,17.6
00663L,國泰臺灣加權正2,30.3,29.0,31.1
00664R,國泰臺灣加權反1,-15.7,-16.2,-14.5
00665L,富邦琤肭磪囓2,2.9,1.9,3.9
00666R,富邦琤肭磪齯1,-8.7,-9.4,-7.8
00668,國泰美國道瓊,8.3,7.7,8.8
00668K,國泰美國道瓊+U,7.4,6.8,8.1
00669R,國泰美國道瓊反1,-12.9,-13.5,-11.9
00670L,富邦NASDAQ正2,40.1,38.1,41.2
00671R,富邦NASDAQ反1,-23.1,-23.5,-21.2
00672L,元大S&P原油正2,-48.0,-48.6,-36.5
00673R,元大S&P原油反1,5.3,3.6,6.4
00674R,元大S&P黃金反1,-8.5,-8.7,-7.7
00675L,富邦臺灣加權正2,27.0,25.8,28.0
00676R,富邦臺灣加權反1,-14.6,-15.0,-13.5
00677U,富邦VIX,-21.9,-26.1,-17.8
00678,群益NBI生技,8.6,7.8,9.0
00679B,元大美債20年,3.2,2.6,3.4
00680L,元大美債20正2,9.3,8.2,9.8
00681R,元大美債20反1,-10.1,-10.3,-9.3
00682U,元大美元指數,-2.4,-2.7,-2.1
00683L,元大美元指數正2,-4.6,-5.1,-4.0
00684R,元大美元指數反1,-0.6,-0.8,-0.2
00685L,群益臺灣加權正2,30.8,29.2,32.1
00686R,群益臺灣加權反1,-16.4,-16.9,-15.1
00687B,國泰20年美債,4.0,3.4,4.2
00688L,國泰20年美債正2,8.8,7.8,9.3
00689R,國泰20年美債反1,-9.2,-9.4,-8.5
00690,兆豐藍籌30,13.0,12.3,13.6
00691R,兆豐藍籌30反一,-14.2,-14.6,-13.1
00692,富邦公司治理,15.1,14.3,15.7
00693U,街口S&P黃豆,0.8,0.1,1.6
00694B,富邦美債1-3年,-1.3,-1.5,-1.2
00695B,富邦美債7-10年,-0.5,-0.7,-0.3
00696B,富邦美債20年,4.2,3.6,4.4
00697B,元大美債7-10,0.9,0.6,1.0
00700,富邦恆生國企,-0.8,-1.2,-0.2
00701,國泰股利精選30,4.7,4.3,5.2
00702,國泰標普低波高息,-1.7,-1.9,-0.9
00703,台新MSCI中國,6.1,5.2,6.8
00706L,元大S&P日圓正2,-2.0,-2.3,-1.6
00707R,元大S&P日圓反1,-1.7,-1.9,-1.1
00708L,元大S&P黃金正2,10.6,9.5,11.4
00709,富邦歐洲,2.4,2.0,3.3
00710B,FH彭博高收益債,1.6,1.4,1.9
00711B,FH彭博新興債,5.2,4.9,5.6
00712,FH富時不動產,-5.8,-6.1,-3.9
00713,元大台灣高息低波,7.9,7.4,8.4
00714,群益道瓊美國地產,0.1,-0.3,1.0
00715L,街口S&P布蘭特油正2,-30.7,-31.7,-24.8
00716R,華頓S&P布蘭特反1,-6.1,-6.4,-4.6
00717,富邦美國特別股,-1.1,-1.3,-0.4
00718B,富邦中國政策債,-0.5,-0.8,-0.3
00719B,元大美債1-3,0.4,0.1,0.5
00720B,元大投資級公司債,5.3,4.8,6.0
00721B,元大中國債3-5,-0.2,-0.3,0.1
00722B,群益15年IG電信債,5.1,4.7,5.5
00723B,群益15年IG科技債,3.5,3.1,3.9
00724B,群益10年IG金融債,2.9,2.5,3.4
00725B,國泰投資級公司債,4.5,4.0,5.1
00726B,國泰5Y+新興債,3.5,3.1,3.9
00727B,國泰1-5Y高收債,-1.6,-1.8,-1.1
00728,第一金工業30,13.0,12.2,14.1
00730,富邦臺灣優質高息,2.4,2.1,3.4
00731,FH富時高息低波,3.9,3.6,4.7
00732,國泰RMB短期報酬,-0.7,-0.8,-0.6
00733,富邦臺灣中小,14.3,13.1,15.8
00734B,台新JPM新興債,1.5,1.2,2.5
00735,國泰臺韓科技,18.1,16.9,19.3
00736,國泰新興市場,5.6,5.3,6.6
00737,國泰AI+ROBO,15.8,14.4,17.1
00738U,元大道瓊白銀,12.1,10.9,13.6
00739,元大MSCI,14.3,13.2,15.0
00740B,富邦全球投等債,7.6,7.1,8.1
00741B,富邦全球高收債,-1.8,-1.9,-1.2
00742,新光內需收益,6.0,5.5,6.5
00743,國泰中國A150,13.9,12.8,14.5
00744B,國泰中國政金債5+,1.1,0.9,1.2
00745B,富邦中政債0-1,0.3,0.2,0.4
00746B,富邦A級公司債,5.6,5.1,6.1
00747B,FH中國政策債,0.4,0.2,0.6
00748B,凱基中國債3-10,1.1,0.9,1.2
00749B,凱基新興債10+,5.5,5.0,6.1
00750B,凱基科技債10+,6.2,5.6,6.6
00751B,元大AAA至A公司債,6.1,5.5,6.6
00752,中信中國50,13.5,12.6,14.0
00753L,中信中國50正2,23.4,21.7,24.7
00754B,群益AAA-AA公司債,7.0,6.4,7.3
00755B,群益15年IG公用債,5.3,4.8,5.7
00756B,群益15年EM主權債,6.2,5.7,6.7
00757,統一FANG+,33.6,31.9,34.6
00758B,FH能源債,1.6,1.2,2.4
00759B,FH製藥債,7.1,6.5,7.3
00760B,FH新興企業債,4.3,3.9,4.9
00761B,國泰A級公司債,7.3,6.7,7.6
00762,元大全球AI,33.5,31.8,34.6
00763U,街口道瓊銅,6.2,5.6,7.1
00764B,群益25年美債,5.7,4.9,5.7
00765B,群益中國政金債,-0.5,-0.6,-0.4
00766L,台新MSCI中國正2,10.5,9.6,12.9
00767,FH美國金融股,-7.4,-8.0,-5.8
00768B,FH20年美債,11.7,10.5,11.7
00769B,FH中國信用債,0.3,0.1,0.4
00770,國泰北美科技,28.8,27.4,29.8
00771,元大US高息特別股,0.3,0.1,2.0
00772B,中信高評級公司債,8.5,7.7,9.1
00773B,中信優先金融債,8.9,8.1,9.7
00774B,新光中國政金綠債,-0.2,-0.4,0.0
00774C,新光中政金綠債+R,9.1,8.9,9.5
00775B,新光投等債15+,7.8,7.1,8.5
00776,新光ICE美國權值,2.6,2.1,3.6
00777B,凱基AAA至A公司債,7.6,6.7,8.1
00778B,凱基金融債20+,8.7,7.9,9.5
00779B,凱基美債25+,8.5,7.2,8.5
00780B,國泰A級金融債,2.8,2.3,3.1
00781B,國泰A級科技債,8.0,7.1,8.4
00782B,國泰A級公用債,6.5,5.6,6.9
00783,富邦中証500,4.8,4.0,5.7
00784B,富邦中國投等債,-1.9,-2.1,-1.7
00785B,富邦金融投等債,7.1,6.5,7.9
00786B,元大10年IG銀行債,5.7,5.1,6.7
00787B,元大10年IG醫療債,6.9,6.1,7.3
00788B,元大10年IG電能債,5.6,4.9,6.2
00789B,FH公司債A3,7.8,7.0,8.4
00790B,FH次順位IG金融債,5.5,4.9,6.1
00791B,FH美元信用債1-5Y,-2.5,-2.7,-2.3
00792B,群益A級公司債,6.5,5.7,7.1
00793B,群益AAA-A醫療債,6.0,5.2,6.3
00794B,群益7+中國政金債,-1.2,-1.3,-1.0
00795B,中信美國公債20年,6.1,4.9,6.1
00796B,中信中國債7-10,-0.9,-1.1,-0.8
00797B,中信中國美元IG債,1.7,1.2,1.8
00798B,國泰中企A級債7+,3.4,2.8,3.5
00799B,國泰A級醫療債,5.4,4.6,5.7
008201,BP上證50,3.2,2.5,4.7
00830,國泰費城半導體,28.4,27.0,30.5
00831B,新光美債1-3,-4.0,-4.2,-3.7
00832B,新光美債20+,7.1,5.9,7.1
00833B,第一金美債20+,4.7,3.7,4.7
00834B,第一金金融債10+,6.8,6.2,7.5
00835B,第一金科技債10+,6.3,5.6,6.8
00836B,永豐10年A公司債,3.5,2.8,4.1
00837B,永豐15年金融債,-3.0,-3.8,-2.1
00838B,永豐7-10年中國債,-2.0,-2.1,-1.8
00839B,凱基醫療保健債,4.8,4.2,5.3
00840B,凱基IG精選15+,3.3,2.8,3.9
00841B,凱基AAA-AA公司債,3.7,3.1,4.3
00842B,台新美元銀行債,3.8,3.3,4.7
00843B,台新中國政策債,-1.2,-1.3,-0.9
00844B,新光15年IG金融債,3.2,2.6,3.9
00845B,富邦新興投等債,-1.2,-1.4,-0.5
00846B,富邦歐洲銀行債,-0.8,-1.0,-0.2
00847B,中信美國市政債,-3.5,-4.1,-3.2
00848B,中信新興亞洲債,-0.7,-1.0,-0.3
00849B,中信EM主權債0-5,-3.5,-3.6,-3.3
00850,元大臺灣ESG永續,22.4,21.3,23.5
00851,台新全球AI,18.4,17.4,19.5
00852L,國泰美國道瓊正2,3.2,2.6,7.5
00853B,統一美債10年Aa-A,-1.8,-2.2,-1.1
00854B,富邦全球保險債,2.6,2.2,3.2
00855B,富邦全球能源債,-1.6,-1.8,-0.6
00856B,永豐1-3年美公債,-3.9,-4.2,-3.7
00857B,永豐20年美公債,0.2,-0.6,0.4
00858,永豐美國500大,10.9,10.4,12.1
00859B,群益0-1年美債,-4.6,-4.6,-4.3
00860B,群益1-5年IG債,-2.5,-2.6,-2.3
00861,元大全球未來通訊,11.4,10.6,12.6
00862B,中信投資級公司債,1.8,1.4,2.5
00863B,中信全球電信債,1.5,1.2,3.6
00864B,中信美國公債0-1,-3.8,-3.9,-3.6
00865B,國泰US短期公債,-3.9,-4.0,-3.7
00866,新光SHILLER,4.8,4.5,6.1
00867B,新光A-BBB電信債,1.9,1.5,2.4
00868B,FT1-3年美公債,-2.3,-2.4,-2.2
00869B,FT10-25年公司債,1.5,1.2,2.2
00870B,元大15年EM主權債,4.5,3.8,5.9
00871B,元大中國政金債,-0.7,-0.8,-0.4
00872B,凱基美債1-3,-4.9,-5.1,-4.6
00873B,凱基新興債1-5,-5.1,-5.2,-4.7
00874B,凱基BBB公司債15+,0.8,0.4,2.5
00875,國泰網路資安,51.7,48.7,51.9
00876,元大未來關鍵科技,28.2,26.6,28.2
00877,FH中國5G,-10.0,-10.1,-9.3
00878,國泰永續高股息,5.7,5.4,6.1
00879B,第一金美債0-1,-5.0,-5.0,-4.6
00880B,第一金電信債15+,-1.6,-1.7,-1.4
00881,國泰台灣5G+,-0.3,-0.4,-0.1
00882,,,,
00883B,,,,
00884B,,,,
1101,台泥,9.3,8.8,9.9
1102,亞泥,10.9,10.5,11.3
1103,嘉泥,5.0,4.4,5.8
1104,環泥,9.0,8.4,9.3
1108,幸福,5.9,5.2,6.5
1109,信大,7.7,7.2,8.1
1110,東泥,6.3,5.8,6.8
1111,,,,
1115,,,,
1201,味全,5.0,4.5,5.5
1203,味王,10.5,10.0,10.9
1210,大成,17.5,17.1,17.8
1213,大飲,-0.3,-1.1,0.5
1215,卜蜂,22.8,22.3,23.2
1216,統一,14.8,14.4,15.0
1217,愛之味,2.1,1.4,2.8
1218,泰山,10.8,10.2,11.4
1219,福壽,10.9,10.3,11.2
1220,台榮,6.1,5.4,6.5
1225,福懋油,14.8,14.1,15.2
1227,佳格,18.9,18.3,19.0
1229,聯華,15.8,15.2,16.2
1231,聯華食,15.9,15.3,16.3
1232,大統益,19.2,18.8,19.4
1233,天仁,5.9,5.5,6.1
1234,黑松,10.3,9.6,10.6
1235,興泰,8.5,8.0,8.8
1236,宏亞,3.2,2.7,3.7
1237,,,,
1240,茂生農經,5.8,4.3,7.7
1242,,,,
1246,,,,
1256,鮮活果汁-KY,22.4,21.2,23.0
1258,其祥-KY,-4.9,-5.5,-3.3
1259,安心,-2.1,-2.6,-1.2
1260,,,,
1262,綠悅-KY,-14.7,-15.5,-11.3
1264,德麥,7.9,7.3,8.5
1267,,,,
1268,漢來美食,-1.1,-1.4,0.1
1269,,,,
1271,,,,
1293,,,,
1301,台塑,8.4,8.0,8.8
1303,南亞,6.8,6.4,7.3
1304,台聚,10.6,10.0,11.1
1305,華夏,10.2,9.4,11.3
1307,三芳,6.5,6.0,6.9
1308,亞聚,10.1,9.7,10.7
1309,台達化,12.6,11.7,13.5
1310,台苯,5.4,4.4,6.5
1312,國喬,8.4,7.5,9.4
1313,聯成,8.0,7.3,8.8
1314,中石化,4.9,4.1,5.6
1315,達新,15.3,14.8,15.7
1316,上曜,9.1,8.3,9.7
1319,東陽,3.9,2.8,5.2
1321,大洋,7.0,6.3,7.5
1323,永裕,12.8,12.1,13.1
1324,地球,3.7,3.1,4.3
1325,恆大,15.9,15.1,16.5
1326,台化,7.3,6.9,7.8
1328,,,,
1333,恩得利,-11.4,-13.6,-9.1
1336,台翰,1.8,-0.0,3.4
1337,再生-KY,-10.5,-12.1,-7.3
1338,廣華-KY,0.9,0.4,2.0
1339,昭輝,6.3,5.6,7.1
1340,勝悅-KY,-18.7,-19.3,-15.1
1341,富林-KY,1.2,0.5,2.3
1342,八貫,-5.1,-5.4,-4.5
1343,,,,
1402,遠東新,6.1,5.6,6.6
1408,中紡,-11.8,-13.1,-7.3
1409,新纖,7.4,6.7,8.2
1410,南染,13.5,12.9,13.9
1413,宏洲,7.4,6.5,8.4
1414,東和,10.6,9.6,11.4
1416,廣豐,8.7,8.0,9.4
1417,嘉裕,5.1,4.2,5.9
1418,東華,4.2,3.1,5.5
1419,新紡,8.2,7.5,8.7
1423,利華,8.2,7.6,8.8
1432,大魯閣,14.3,13.3,15.3
1434,福懋,7.6,7.2,8.0
1435,中福,7.7,5.4,9.5
1436,華友聯,15.1,14.4,15.4
1437,勤益控,5.2,4.2,6.2
1438,三地開發,15.3,14.1,16.2
1439,中和,10.0,9.2,10.5
1440,南紡,6.2,5.5,6.9
1441,大東,10.0,9.3,10.6
1442,名軒,9.1,8.5,9.7
1443,立益,9.1,8.2,10.1
1444,力麗,10.7,10.0,11.4
1445,大宇,8.8,8.2,9.3
1446,宏和,15.4,14.9,15.7
1447,力鵬,4.6,3.7,5.5
1449,佳和,18.7,17.1,20.2
1451,年興,3.5,2.8,4.3
1452,宏益,10.5,9.9,11.1
1453,大將,7.3,6.6,8.4
1454,台富,5.4,4.8,5.9
1455,集盛,4.5,3.7,5.5
1456,怡華,14.2,13.1,15.3
1457,宜進,10.6,9.8,11.3
1459,聯發,3.8,3.2,4.5
1460,宏遠,4.1,3.4,4.9
1463,強盛,8.6,7.6,9.7
1464,得力,11.5,10.8,12.0
1465,偉全,8.6,8.1,8.9
1466,聚隆,11.7,10.9,12.3
1467,南緯,6.6,5.7,7.5
1468,昶和,1.4,0.6,2.0
1470,大統新創,10.0,9.4,10.3
1471,首利,-5.6,-7.9,-2.6
1472,三洋紡,4.5,3.4,5.6
1473,台南,-0.1,-0.8,0.7
1474,弘裕,6.2,5.4,7.0
1475,業旺,6.9,4.1,9.4
1476,儒鴻,29.5,28.9,30.0
1477,聚陽,14.9,14.2,15.5
1480,,,,
1489,,,,
1503,士電,6.5,6.1,6.9
1504,東元,9.2,8.6,9.6
1506,正道,0.1,-0.5,0.6
1507,永大,10.3,9.6,10.8
1512,瑞利,-2.8,-3.7,-1.3
1513,中興電,10.8,10.1,11.5
1514,亞力,13.0,12.2,13.6
1515,力山,16.5,15.0,17.8
1516,川飛,14.8,13.7,16.0
1517,利奇,7.1,6.4,7.7
1519,華城,14.2,13.5,14.6
1521,大億,9.1,8.2,9.9
1522,堤維西,4.2,3.3,5.2
1524,耿鼎,0.1,-0.7,1.2
1525,江申,10.3,9.6,10.9
1526,日馳,17.6,16.8,18.0
1527,鑽全,3.0,1.9,4.5
1528,恩德,2.8,2.2,3.6
1529,樂士,9.7,7.7,11.5
1530,亞崴,3.7,3.0,4.3
1531,高林股,-0.1,-0.8,0.9
1532,勤美,7.7,7.0,8.5
1533,車王電,5.4,4.3,6.4
1535,中宇,9.8,9.3,9.9
1536,和大,11.8,10.8,12.9
1537,廣隆,19.7,19.0,20.1
1538,正峰,-2.9,-4.5,-0.3
1539,巨庭,8.2,7.2,9.1
1540,喬福,6.7,6.2,7.1
1541,錩泰,13.7,12.5,14.4
1550,,,,
1557,,,,
1558,伸興,17.0,16.4,17.4
1560,中砂,3.9,2.7,5.3
1563,,,,
1565,精華,11.1,10.6,11.3
1566,捷邦,-0.3,-1.7,1.5
1568,倉佑,-1.0,-2.0,0.9
1569,濱川,2.4,1.2,4.0
1570,力肯,-0.3,-1.7,1.3
1580,新麥,13.0,12.5,13.4
1582,信錦,4.4,3.3,5.9
1583,程泰,6.1,5.2,6.9
1584,精剛,-3.9,-5.3,-2.1
1585,,,,
1586,和勤,11.8,10.9,12.7
1587,吉茂,5.6,3.9,8.5
1589,永冠-KY,7.3,6.0,8.4
1590,亞德客-KY,19.9,18.8,20.7
1591,駿吉-KY,-2.6,-3.4,-1.3
1592,英瑞-KY,-13.7,-14.3,-11.6
1593,祺驊,16.5,15.7,17.0
1594,,,,
1595,川寶,-0.3,-1.0,0.5
1597,直得,13.6,12.3,14.7
1598,岱宇,24.1,22.5,25.8
1599,宏佳騰,5.3,4.7,6.3
1602,,,,
1603,華電,12.0,11.3,12.5
1604,聲寶,14.0,13.3,14.8
1605,華新,5.9,5.0,6.9
1606,歌林,-58.0,-58.6,-50.1
1608,華榮,7.6,7.0,8.3
1609,大亞,8.4,7.7,9.3
1611,中電,2.7,1.8,3.5
1612,宏泰,6.7,6.0,7.4
1613,台一,-0.7,-1.7,0.2
1614,三洋電,6.8,6.2,7.3
1615,大山,14.6,13.9,14.9
1616,億泰,0.3,-0.8,1.4
1617,榮星,5.8,5.1,6.6
1618,合機,5.7,4.9,6.5
1619,,,,
1626,艾美特-KY,-7.6,-9.5,-5.3
1701,中化,6.6,6.0,7.1
1702,南僑,15.9,15.1,16.4
1707,葡萄王,23.2,22.6,23.4
1708,東鹼,9.8,9.4,10.0
1709,和益,7.3,6.8,7.6
1710,東聯,3.8,3.3,4.5
1711,永光,6.4,5.8,7.0
1712,興農,12.2,11.6,12.5
1713,國化,7.5,6.8,8.0
1714,和桐,4.8,4.1,5.5
1715,萬洲,5.7,5.2,6.3
1716,永信藥品,11.8,10.7,12.4
1717,長興,9.2,8.7,9.8
1718,中纖,3.3,2.5,4.5
1720,生達,7.8,7.2,8.3
1721,三晃,4.4,3.7,5.0
1722,台肥,4.8,4.3,5.2
1723,中碳,10.3,9.8,10.5
1724,台硝,3.4,2.7,4.1
1725,元禎,5.6,5.1,6.0
1726,永記,7.7,7.1,8.0
1727,中華化,4.7,4.1,5.1
1730,花仙子,17.3,16.7,17.7
1731,美吾華,5.4,4.8,6.0
1732,毛寶,4.3,3.4,5.1
1733,五鼎,3.4,3.0,3.8
1734,杏輝,4.3,3.6,5.0
1735,日勝化,5.0,4.3,5.7
1736,喬山,5.3,3.9,7.0
1737,臺鹽,6.0,5.3,6.6
1739,,,,
1740,,,,
1742,台蠟,6.7,6.0,7.1
1743,,,,
1745,,,,
1752,南光,5.0,4.2,5.8
1760,寶齡富錦,12.5,10.4,14.0
1762,中化生,3.9,2.8,5.0
1763,,,,
1764,,,,
1765,,,,
1766,,,,
1767,,,,
1769,,,,
1770,,,,
1773,勝一,22.1,21.5,22.4
1775,,,,
1776,展宇,-0.7,-1.3,-0.0
1777,生泰,10.1,9.4,10.4
1780,,,,
1781,合世,2.3,0.5,3.8
1783,和康生,-5.9,-7.0,-3.9
1784,訊聯,-3.5,-5.0,-1.5
1785,光洋科,8.0,7.2,8.7
1786,科妍,-0.2,-1.3,1.4
1787,福盈科,6.9,5.9,7.9
1788,杏昌,4.7,3.9,5.6
1789,神隆,-1.7,-2.4,-0.8
1795,美時,8.6,7.5,9.7
1796,金穎生技,-15.3,-16.4,-12.8
1799,易威,2.4,1.5,3.4
1802,台玻,1.3,0.5,2.3
1805,寶徠,13.4,12.8,13.7
1806,冠軍,2.1,1.5,2.8
1808,潤隆,18.4,17.7,19.1
1809,中釉,4.8,4.1,5.5
1810,和成,2.7,2.0,3.4
1813,寶利徠,-1.9,-2.7,-1.0
1814,,,,
1815,富喬,0.3,-1.1,1.9
1817,凱撒衛,3.8,3.2,4.6
1819,,,,
1902,台紙,7.6,6.9,8.2
1903,士紙,5.4,4.5,6.1
1904,正隆,12.7,12.1,13.2
1905,華紙,2.3,1.7,3.1
1906,寶隆,10.8,10.0,11.4
1907,永豐餘,9.6,8.9,10.2
1909,榮成,10.5,9.8,11.1
2002,中鋼,4.7,4.3,5.1
2006,東和鋼鐵,8.9,8.5,9.4
2007,燁興,5.5,4.4,6.5
2008,高興昌,7.4,6.4,8.2
2009,第一銅,9.1,8.3,10.1
2010,春源,5.4,5.0,6.0
2012,春雨,9.8,9.2,10.2
2013,中鋼構,8.5,7.9,8.8
2014,中鴻,5.1,4.3,6.0
2015,豐興,11.7,11.3,12.1
2017,官田鋼,6.8,6.0,7.4
2020,美亞,6.2,5.6,6.7
2022,聚亨,2.9,2.1,3.8
2023,燁輝,5.5,4.9,6.0
2024,志聯,10.5,9.8,11.1
2025,千興,-2.4,-4.0,-0.5
2027,大成鋼,9.9,9.2,10.5
2028,威致,12.3,11.1,13.5
2029,盛餘,4.1,3.6,4.6
2030,彰源,4.2,3.5,5.0
2031,新光鋼,10.1,9.4,10.8
2032,新鋼,5.3,4.5,6.1
2033,佳大,5.5,4.9,6.1
2034,允強,11.1,10.6,11.6
2035,唐榮,3.1,2.5,3.7
2038,海光,4.4,3.4,5.7
2041,,,,
2043,,,,
2048,,,,
2049,上銀,23.7,23.0,24.0
2056,,,,
2059,川湖,5.3,4.6,6.3
2060,,,,
2061,風青,-0.4,-1.4,0.8
2062,橋椿,-1.1,-1.9,0.0
2063,世鎧,2.3,1.5,3.4
2064,晉椿,0.1,-0.4,1.0
2065,世豐,10.4,9.1,11.1
2066,世德,-5.6,-6.1,-4.5
2067,嘉鋼,-10.3,-11.2,-8.6
2068,,,,
2069,運錩,1.9,1.3,3.0
2070,精湛,-17.4,-17.8,-14.9
2071,,,,
2072,,,,
2101,南港,7.8,7.2,8.4
2102,泰豐,4.6,3.9,5.4
2103,台橡,6.9,6.5,7.3
2104,國際中橡,9.6,9.2,10.0
2105,正新,10.9,10.4,11.3
2106,建大,11.0,10.4,11.5
2107,厚生,8.1,7.4,8.7
2108,南帝,17.8,17.2,18.1
2109,華豐,3.5,2.6,4.3
2114,鑫永銓,12.3,11.6,12.9
2115,六暉-KY,3.9,3.1,5.1
2201,裕隆,4.1,3.1,5.2
2204,中華,7.1,6.1,8.3
2206,三陽工業,9.4,8.5,10.1
2207,和泰車,17.2,16.6,17.8
2208,台船,4.7,4.0,5.5
2211,,,,
2215,,,,
2218,,,,
2219,,,,
2220,,,,
2221,大甲,2.0,0.3,3.5
2222,,,,
2225,,,,
2226,,,,
2227,裕日車,10.7,9.3,12.2
2228,劍麟,1.2,0.4,2.2
2230,泰茂,-1.2,-2.3,-0.2
2231,為升,25.9,25.2,26.3
2233,宇隆,7.2,6.4,8.3
2235,謚源,-3.9,-4.6,-2.9
2236,百達-KY,-10.0,-11.0,-7.0
2237,,,,
2239,英利-KY,-3.2,-4.1,-1.0
2241,艾姆勒,-13.6,-13.9,-12.2
2243,宏旭-KY,-20.2,-21.4,-16.5
2245,,,,
2246,,,,
2247,汎德永業,-8.8,-9.1,-8.0
2248,,,,
2249,,,,
2301,光寶科,6.4,5.8,7.3
2302,麗正,12.6,11.4,13.7
2303,聯電,10.8,9.8,11.7
2305,全友,5.3,4.1,6.4
2308,台達電,12.5,11.9,13.0
2311,日月光,10.9,10.1,11.9
2312,金寶,2.0,1.1,2.9
2313,華通,9.0,7.5,10.6
2314,台揚,7.6,6.7,8.9
2316,楠梓電,8.3,6.9,9.7
2317,鴻海,5.2,4.6,6.0
2321,東訊,2.4,-0.2,5.5
2323,中環,1.5,0.3,2.8
2324,仁寶,3.0,2.4,3.8
2325,矽品,6.5,5.9,7.2
2327,國巨,31.7,30.4,33.4
2328,廣宇,-0.3,-1.3,1.3
2329,華泰,7.0,5.8,8.0
2330,台積電,17.9,17.5,18.4
2331,精英,7.7,6.3,9.3
2332,友訊,3.9,3.0,5.1
2337,旺宏,16.9,16.1,17.8
2338,光罩,11.3,10.6,12.1
2340,光磊,8.3,7.5,9.3
2342,茂矽,11.2,9.3,13.7
2344,華邦電,9.4,7.9,11.1
2345,智邦,25.3,24.3,26.7
2347,聯強,6.8,6.3,7.4
2348,海悅,22.8,20.2,25.4
2349,錸德,2.6,1.0,4.4
2351,順德,15.9,14.9,16.7
2352,佳世達,4.8,3.1,6.9
2353,宏,-1.9,-3.1,-0.4
2354,鴻準,-0.6,-1.3,0.3
2355,敬鵬,6.1,5.4,6.8
2356,英業達,7.6,6.9,8.5
2357,華碩,12.6,11.9,13.6
2358,廷鑫,4.2,2.9,5.5
2359,所羅門,8.6,7.9,9.2
2360,致茂,15.3,14.6,15.9
2362,藍天,8.2,7.7,8.6
2363,矽統,2.7,1.4,4.7
2364,倫飛,-0.6,-2.1,1.3
2364A,,,,
2365,昆盈,0.9,0.2,1.9
2367,燿華,5.9,4.9,7.2
2368,金像電,10.0,8.6,11.5
2369,菱生,3.7,2.8,4.8
2371,大同,7.2,6.1,8.4
2373,震旦行,14.5,14.0,14.8
2374,佳能,0.3,-0.4,1.3
2375,凱美,18.7,16.8,20.3
2376,技嘉,12.1,11.1,13.1
2377,微星,18.5,17.8,19.2
2379,瑞昱,20.3,19.5,21.0
2380,虹光,-1.7,-2.9,0.1
2381,華宇,-15.7,-18.3,-10.3
2382,廣達,8.6,8.1,9.1
2383,台光電,21.7,20.5,22.7
2384,勝華,-25.7,-27.7,-20.1
2385,群光,13.0,12.5,13.4
2387,精元,8.9,7.7,10.1
2388,威盛,7.5,5.7,9.6
2390,云辰,3.9,3.0,4.8
2392,正崴,0.7,-0.2,2.1
2393,億光,0.7,-0.1,1.9
2395,研華,15.4,14.8,16.2
2396,精碟科技,-35.5,-37.6,-29.6
2397,友通,8.7,8.1,9.3
2399,映泰,4.1,3.0,5.3
2401,凌陽,0.8,-0.5,2.2
2402,毅嘉,0.7,-0.6,2.3
2404,漢唐,22.4,21.5,23.2
2405,浩鑫,1.2,-0.1,2.6
2406,國碩,8.4,7.0,9.9
2408,南亞科,16.0,12.9,19.4
2409,友達,-1.9,-3.0,-0.1
2412,中華電,10.0,9.7,10.2
2413,環科,6.3,5.3,7.4
2414,精技,10.5,9.9,11.0
2415,錩新,10.4,9.5,11.1
2417,圓剛,6.9,5.6,8.2
2419,仲琦,10.4,9.6,11.3
2420,新巨,9.4,8.6,10.1
2421,建準,12.8,12.3,13.4
2423,固緯,8.8,8.2,9.2
2424,隴華,6.4,5.5,7.5
2425,承啟,12.9,11.9,14.2
2426,鼎元,4.2,3.2,5.7
2427,三商電,4.0,3.2,4.9
2428,興勤,17.1,16.2,17.8
2429,銘旺科,15.7,14.6,16.8
2430,燦坤,0.5,-0.4,2.1
2431,聯昌,2.0,0.8,3.4
2433,互盛電,15.5,15.1,15.9
2434,統懋,6.3,4.5,7.8
2436,偉詮電,9.9,9.0,10.9
2438,翔耀,2.5,-1.6,5.9
2439,美律,9.6,8.3,11.2
2440,太空梭,7.9,7.1,8.7
2441,超豐,9.4,8.9,10.1
2442,新美齊,4.1,2.7,5.5
2443,億麗,-2.3,-3.6,-0.5
2444,兆勁,2.3,1.1,3.8
2448,晶電,-0.6,-1.9,0.9
2449,京元電子,7.0,5.9,8.5
2450,神腦,7.6,7.1,7.9
2451,創見,5.2,4.6,5.8
2453,凌群,6.8,5.9,7.5
2454,聯發科,8.5,7.7,9.5
2455,全新,19.0,18.1,19.8
2456,奇力新,16.1,15.0,17.1
2457,飛宏,2.7,1.9,4.2
2458,義隆,18.0,17.3,18.6
2459,敦吉,7.0,6.0,8.1
2460,建通,4.7,4.0,5.5
2461,光群雷,3.7,2.9,4.6
2462,良得電,10.4,9.8,10.9
2464,盟立,8.9,8.4,9.6
2465,麗臺,5.7,3.9,7.9
2466,冠西電,4.0,3.5,4.2
2467,志聖,10.8,10.0,11.5
2468,華經,6.0,5.4,6.6
2471,資通,10.7,9.5,11.7
2472,立隆電,13.1,11.9,14.6
2474,可成,5.1,4.2,6.1
2475,華映,-18.6,-20.8,-13.9
2476,鉅祥,4.4,3.8,5.1
2477,美隆電,9.6,8.5,10.8
2478,大毅,12.9,11.8,13.8
2480,敦陽科,16.2,15.6,16.7
2481,強茂,10.2,9.2,11.5
2482,連宇,-1.7,-2.6,-0.7
2483,百容,5.0,4.2,6.0
2484,希華,5.1,4.1,6.2
2485,兆赫,0.8,0.2,1.7
2486,一詮,1.9,0.8,3.2
2488,漢平,9.9,9.2,10.6
2489,瑞軒,5.0,4.3,5.8
2491,吉祥全,12.8,12.0,13.5
2492,華新科,19.6,17.8,21.2
2493,揚博,12.4,11.6,13.3
2495,普安,-1.9,-2.5,-0.8
2496,卓越,24.7,23.6,26.2
2497,怡利電,4.3,3.3,5.3
2498,宏達電,-9.7,-10.4,-7.8
2499,東貝,-10.3,-11.2,-8.4
2501,國建,6.2,5.2,7.1
2504,國產,8.7,7.9,9.5
2505,國揚,6.8,5.8,7.8
2506,太設,9.9,9.1,10.4
2509,全坤建,10.3,9.7,10.9
2511,太子,8.0,7.2,8.8
2514,龍邦,1.6,0.7,2.5
2515,中工,6.3,5.8,6.9
2516,新建,3.3,2.8,4.1
2520,冠德,12.0,11.1,12.8
2524,京城,5.2,4.2,6.3
2527,宏璟,11.9,11.1,12.6
2528,皇普,24.5,23.6,25.1
2530,華建,9.4,8.5,10.0
2534,宏盛,5.7,4.9,6.9
2535,達欣工,14.6,14.1,15.0
2536,宏普,5.8,5.2,6.5
2537,聯上發,11.4,10.8,11.7
2538,基泰,7.9,7.2,8.4
2539,櫻花建,22.4,21.5,23.2
2540,愛山林,24.6,23.7,25.5
2542,興富發,18.0,17.3,18.6
2543,皇昌,0.8,0.1,1.6
2545,皇翔,9.7,8.9,10.7
2546,根基,19.3,18.6,19.9
2547,日勝生,2.7,1.8,3.7
2548,華固,14.8,14.2,15.1
2549,,,,
2557,,,,
2568,,,,
2579,,,,
2580,,,,
2589,,,,
2596,綠意,4.1,3.4,5.1
2597,潤弘,9.4,8.5,10.3
2599,,,,
2601,益航,4.2,3.6,4.6
2603,長榮,7.0,6.1,8.0
2605,新興,4.1,3.7,4.8
2606,裕民,5.2,4.8,5.8
2607,榮運,4.4,3.9,5.0
2608,嘉里大榮,12.4,11.8,12.8
2609,陽明,6.3,4.9,7.8
2610,華航,0.1,-0.7,1.2
2611,志信,4.9,4.3,5.5
2612,中航,7.8,7.3,8.2
2613,中櫃,6.5,5.9,7.1
2614,東森,7.7,6.8,9.1
2615,萬海,11.3,10.6,12.1
2616,山隆,10.5,10.1,10.8
2617,台航,4.3,3.8,4.8
2618,長榮航,1.5,0.8,2.5
2619,,,,
2621,,,,
2630,亞航,-13.6,-13.7,-9.8
2633,台灣高鐵,8.2,7.2,8.9
2634,漢翔,1.8,1.3,2.5
2636,台驊投控,12.8,12.3,13.3
2637,慧洋-KY,2.8,2.5,3.2
2640,大車隊,7.8,7.0,8.7
2641,正德,2.4,1.1,4.1
2642,宅配通,-2.8,-3.9,-1.3
2643,捷迅,20.6,19.3,21.6
2701,萬企,3.0,2.6,3.5
2702,華園,0.5,-0.1,1.7
2704,國賓,1.2,0.7,2.0
2705,六福,2.4,1.5,3.7
2706,第一店,3.0,2.5,3.5
2707,晶華,11.2,10.7,11.4
2711,,,,
2712,遠雄來,9.4,8.8,10.1
2716,,,,
2718,晶悅,-3.2,-3.9,-2.1
2719,燦星旅,-10.3,-12.7,-6.4
2721,,,,
2722,夏都,-1.4,-1.9,-0.5
2723,美食-KY,-3.3,-4.4,-1.4
2724,富驛-KY,-16.8,-19.3,-12.7
2726,雅茗-KY,13.4,12.6,13.9
2727,王品,-6.1,-7.4,-3.9
2729,瓦城,2.9,2.3,3.6
2730,,,,
2731,雄獅,0.5,-0.3,1.5
2732,六角,6.7,5.4,8.0
2733,,,,
2734,易飛網,-13.7,-15.4,-11.0
2736,高野,-15.7,-16.5,-12.5
2738,,,,
2739,寒舍,-9.1,-9.9,-7.5
2740,天蔥,-13.9,-17.2,-8.9
2741,,,,
2743,山富,27.2,25.3,30.0
2745,五福,-14.3,-14.7,-11.5
2748,雲品,1.6,0.9,2.4
2750,,,,
2751,,,,
2752,豆府,33.4,32.2,35.2
2753,,,,
2754,亞洲藏壽司,-30.3,-30.7,-28.4
2755,揚秦,-12.9,-13.0,-12.0
2756,,,,
2758,,,,
2759,,,,
2801,彰銀,5.5,5.0,6.1
2807,渣打銀行,24.9,23.9,26.0
2809,京城銀,10.2,9.4,11.0
2812,台中銀,6.7,6.3,7.3
2816,旺旺保,8.4,7.8,9.7
2820,華票,7.9,7.4,8.6
2823,中壽,9.0,8.4,9.6
2832,台產,6.6,6.2,7.0
2833,台壽保,2.6,1.4,4.2
2834,臺企銀,4.3,3.8,4.9
2836,高雄銀,1.3,0.7,2.2
2837,凱基銀行,7.0,3.7,11.2
2838,聯邦銀,4.9,4.4,5.5
2841,台開,1.1,0.4,1.7
2845,遠東銀,3.1,2.4,4.3
2848,,,,
2849,安泰銀,4.6,4.1,5.6
2850,新產,12.8,12.3,13.3
2851,中再保,9.2,8.7,9.7
2852,第一保,4.8,4.2,5.5
2855,統一證,6.0,5.4,6.8
2856,元富證,2.7,2.1,3.7
2858,,,,
2862,,,,
2863,,,,
2867,三商壽,-3.8,-4.1,-3.0
2872,,,,
2873,,,,
2874,,,,
2876,,,,
2877,,,,
2880,華南金,5.4,5.0,5.9
2881,富邦金,6.5,6.1,7.2
2882,國泰金,2.0,1.5,2.9
2883,開發金,2.6,2.1,3.4
2884,玉山金,9.0,8.4,10.0
2885,元大金,6.0,5.5,6.6
2886,兆豐金,6.8,6.2,7.5
2887,台新金,4.2,3.3,5.6
2888,新光金,-1.7,-2.5,-0.5
2889,國票金,6.7,6.1,7.3
2890,永豐金,3.7,3.0,4.6
2891,中信金,4.9,4.4,5.8
2892,第一金,6.0,5.6,6.7
2893,,,,
2894,,,,
2895,,,,
2897,王道銀行,-3.7,-3.8,-2.7
2899,,,,
2901,欣欣,3.6,3.1,4.0
2903,遠百,5.7,5.2,6.5
2904,匯僑,23.8,23.3,24.2
2905,三商,11.2,10.6,11.8
2906,高林,6.8,6.3,7.2
2908,特力,5.1,4.7,5.6
2910,統領,4.7,4.1,6.0
2911,麗嬰房,-3.5,-4.0,-2.3
2912,統一超,11.8,11.3,12.0
2913,農林,7.4,6.7,7.9
2915,潤泰全,14.0,13.5,14.4
2916,滿心,3.1,2.5,3.8
2920,,,,
2923,鼎固-KY,3.4,2.4,4.3
2924,東凌-KY,-6.3,-6.6,-5.3
2926,誠品生活,-6.4,-6.7,-5.2
2928,紅馬-KY,-9.0,-10.4,-7.7
2929,淘帝-KY,-18.4,-19.0,-15.1
2936,客思達-KY,-6.5,-7.1,-4.5
2937,集雅社,7.9,6.7,9.3
2938,,,,
2939,凱羿-KY,-39.1,-40.4,-35.0
2940,,,,
2941,,,,
2942,,,,
2945,,,,
2947,,,,
2948,,,,
3002,歐格,3.1,2.2,3.7
3003,健和興,9.7,8.9,10.3
3004,豐達科,24.1,23.4,24.5
3005,神基,10.0,8.9,11.1
3006,晶豪科,7.0,5.8,8.3
3008,大立光,14.2,13.2,15.3
3010,華立,7.3,6.6,8.1
3011,今皓,-3.2,-4.6,-1.4
3013,晟銘電,1.9,1.2,2.6
3014,聯陽,9.5,8.7,10.4
3015,全漢,7.8,7.1,8.7
3016,嘉晶,9.4,8.1,10.7
3017,奇鋐,12.6,11.8,13.5
3018,同開,5.3,3.9,8.0
3019,亞光,0.3,-1.6,2.1
3021,鴻名,16.8,16.3,17.2
3022,威強電,10.2,9.6,10.9
3023,信邦,20.5,19.5,21.5
3024,憶聲,0.4,-1.1,2.4
3025,星通,9.6,8.2,10.9
3026,禾伸堂,11.4,10.4,12.4
3027,盛達,5.0,3.9,6.0
3028,增你強,6.2,5.4,7.0
3029,零壹,12.0,11.0,12.8
3030,德律,12.8,12.1,13.4
3031,佰鴻,-0.3,-1.3,1.5
3032,偉訓,11.5,10.5,12.5
3033,威健,8.8,8.2,9.4
3034,聯詠,11.6,10.3,13.3
3035,智原,3.8,2.9,5.2
3036,文曄,13.3,12.7,13.7
3037,欣興,9.2,7.9,10.8
3038,全台,4.5,2.6,6.5
3040,遠見,11.8,11.0,12.4
3041,揚智,1.5,0.2,3.2
3042,晶技,12.0,11.4,12.6
3043,科風,-3.8,-6.5,-1.0
3044,健鼎,7.0,6.1,8.0
3045,台灣大,11.7,11.4,11.8
3046,建,3.5,2.0,5.2
3047,訊舟,4.4,3.7,5.2
3048,益登,7.9,6.8,9.3
3049,和鑫,1.1,-0.1,3.4
3050,鈺德,8.1,6.9,9.3
3051,力特,-0.3,-4.3,3.2
3052,夆典,10.4,9.7,11.1
3054,立萬利,9.4,8.6,9.9
3055,蔚華科,6.0,5.0,7.0
3056,總太,18.2,16.9,19.4
3057,喬鼎,-0.0,-1.0,1.3
3058,立德,1.6,0.7,2.8
3059,華晶科,2.1,1.1,3.4
3060,銘異,-2.7,-3.4,-1.5
3062,建漢,-1.7,-2.4,-0.3
3064,泰偉,-0.1,-1.5,1.7
3066,李洲,-3.7,-4.8,-1.6
3067,全域,4.1,3.1,4.9
3071,協禧,5.4,3.7,6.9
3073,天方能源,-2.1,-4.9,0.5
3078,僑威,9.2,7.7,10.8
3081,聯亞,3.4,2.5,5.0
3083,網龍,8.4,7.8,9.0
3085,新零售,0.8,-1.2,3.2
3086,華義,11.2,10.1,12.7
3088,艾訊,6.8,6.0,7.9
3089,元炬,5.5,4.3,6.8
3090,日電貿,11.7,10.7,12.9
3092,鴻碩,11.4,8.9,13.6
3093,港建,1.9,1.2,2.7
3094,聯傑,-2.8,-4.4,-0.6
3095,及成,-8.2,-10.5,-5.6
3097,,,,
3105,穩懋,30.3,29.3,30.9
3114,好德,6.8,5.8,7.8
3115,寶島極,0.4,-1.0,2.0
3117,,,,
3118,進階,0.1,-0.9,1.3
3122,笙泉,-0.6,-2.1,1.7
3128,昇銳,0.1,-1.2,1.4
3130,一零四,4.5,3.7,5.4
3131,弘塑,19.5,18.3,20.5
3138,耀登,81.9,77.3,82.7
3141,晶宏,13.1,12.1,14.4
3144,新揚科,8.5,5.7,10.3
3147,大綜,16.8,15.2,18.2
3149,正達,-2.2,-4.8,1.7
3150,,,,
3151,,,,
3152,璟德,18.5,17.3,19.3
3157,,,,
3158,,,,
3162,精確,3.4,2.4,4.5
3163,波若威,7.5,6.6,8.8
3164,景岳,1.2,0.4,2.1
3167,大量,10.2,9.4,11.1
3168,,,,
3169,亞信,6.8,5.7,8.2
3171,新洲,4.2,2.8,5.5
3176,基亞,7.1,6.1,7.8
3178,公準,20.6,19.1,21.6
3184,,,,
3188,鑫龍騰,-1.0,-2.3,0.4
3189,景碩,2.3,1.3,3.6
3191,和進,-1.9,-3.7,-0.3
3197,,,,
3202,樺晟,0.7,-1.0,2.6
3205,佰研,7.7,6.4,8.7
3206,志豐,6.9,5.3,8.5
3207,耀勝,-1.4,-2.5,-0.0
3209,全科,10.0,9.3,10.6
3211,順達,8.5,8.0,9.0
3213,茂訊,5.2,4.5,6.1
3217,優群,19.0,18.0,20.0
3218,大學光,15.9,14.3,16.8
3219,倚強股份,8.5,6.6,10.6
3221,台嘉碩,1.3,-0.1,2.8
3224,三顧,9.9,8.2,11.4
3226,至寶電,6.7,5.3,8.5
3227,原相,6.4,5.2,7.6
3228,金麗科,17.0,15.6,17.8
3229,晟鈦,-7.8,-9.3,-5.9
3230,錦明,-4.5,-6.0,-2.7
3231,緯創,5.9,5.2,6.9
3232,昱捷,3.0,1.9,4.0
3234,光環,6.5,5.5,8.2
3236,千如,9.3,8.3,10.6
3252,海灣,2.4,0.5,7.7
3257,虹冠電,13.4,11.9,14.8
3259,鑫創,5.7,4.4,7.2
3260,威剛,3.9,1.9,6.6
3264,欣銓,7.9,7.1,8.9
3265,台星科,7.0,6.0,8.0
3266,昇陽,-1.6,-2.8,-0.2
3268,海德威,-1.8,-3.9,-0.1
3272,東碩,-3.5,-5.2,0.3
3276,宇環,-0.6,-2.3,1.3
3280,,,,
3284,太普高,4.8,3.7,5.7
3285,微端,7.8,6.6,8.5
3287,廣寰科,8.0,6.5,9.3
3288,點晶,-1.3,-3.6,0.7
3289,宜特,4.1,3.1,5.2
3290,東浦,5.2,4.3,6.0
3293,鈊象,17.2,16.3,18.4
3294,英濟,-0.3,-2.0,1.6
3296,勝德,-3.3,-4.8,-1.6
3297,杭特,2.1,1.1,3.4
3298,圓創,-34.1,-35.0,-29.9
3303,岱稜,-0.7,-2.4,1.4
3305,昇貿,0.6,-0.4,2.0
3306,鼎天,-1.4,-2.6,0.1
3308,聯德,-5.7,-7.3,-3.8
3310,佳穎,7.5,6.2,9.1
3311,閎暉,-1.1,-2.5,0.6
3312,弘憶股,4.7,3.2,6.1
3313,斐成,-5.4,-7.7,-2.6
3317,尼克森,1.7,-0.7,4.4
3321,同泰,-7.5,-9.2,-3.8
3322,建舜電,-2.1,-3.6,-0.2
3323,加百裕,4.0,2.6,5.4
3324,雙鴻,14.0,11.6,17.1
3325,旭品,1.5,-0.0,3.2
3332,幸康,4.8,4.3,5.3
3338,泰碩,12.3,11.3,13.8
3339,泰谷,-0.8,-3.5,2.6
3342,,,,
3346,麗清,2.0,0.4,4.6
3349,,,,
3354,律勝,-1.5,-3.2,0.5
3356,奇偶,-1.2,-1.7,-0.1
3357,,,,
3360,尚立,2.6,1.2,4.0
3362,先進光,3.5,2.1,4.9
3363,上詮,-2.8,-4.1,-1.1
3369,鐵研,-86.6,-86.6,-73.4
3372,典範,1.4,-0.1,3.2
3373,熱映,13.9,13.0,14.9
3374,精材,24.3,21.6,27.3
3376,新日興,2.9,1.8,4.3
3377,,,,
3379,彬台,-4.0,-5.6,-2.5
3380,明泰,4.9,4.1,6.1
3383,新世紀,-8.3,-10.8,-4.7
3386,,,,
3388,崇越電,2.6,1.8,3.5
3390,旭軟,1.4,0.4,2.7
3391,,,,
3402,漢科,6.2,4.7,7.6
3405,,,,
3406,玉晶光,9.3,5.9,12.9
3413,京鼎,25.0,23.6,26.3
3416,融程電,7.1,6.5,7.8
3419,譁裕,-0.9,-2.5,1.2
3426,台興,-0.9,-1.7,0.4
3429,,,,
3430,,,,
3431,長天,-12.8,-14.5,-10.5
3432,台端,-2.7,-4.1,-0.8
3434,哲固,1.0,-0.2,2.2
3437,榮創,-6.8,-9.0,-2.8
3438,類比科,0.1,-1.4,2.2
3441,聯一光,1.9,0.3,3.6
3443,創意,14.4,13.7,14.9
3444,利機,9.7,8.9,10.5
3447,,,,
3450,聯鈞,11.8,10.4,13.1
3452,益通,-15.8,-16.5,-7.7
3454,晶睿,4.4,2.8,6.3
3455,由田,7.9,6.6,9.2
3462,,,,
3463,,,,
3465,進泰電子,23.3,21.1,25.3
3466,致振,-5.0,-6.3,-3.1
3472,,,,
3479,安勤,7.0,6.1,7.9
3481,群創,-2.9,-4.2,-0.9
3483,力致,5.7,4.1,7.8
3484,崧騰,9.7,8.6,10.8
3485,,,,
3488,,,,
3489,森寶,-3.2,-4.8,-1.4
3490,單井,3.2,2.0,4.5
3491,昇達科,6.4,5.5,7.2
3492,長盛,-1.2,-2.3,0.1
3494,誠研,-6.2,-7.1,-4.5
3498,陽程,0.9,-1.1,3.3
3499,環天科,-3.5,-5.2,-1.3
3501,維熹,3.9,3.0,5.1
3504,揚明光,1.3,-0.2,2.7
3507,,,,
3508,位速,-4.0,-5.4,-1.6
3509,,,,
3510,,,,
3511,矽瑪,3.3,2.1,4.5
3512,皇龍,-1.4,-4.2,0.6
3515,華擎,6.5,5.0,8.1
3516,亞帝歐,-1.1,-2.7,0.4
3518,柏騰,-3.7,-5.5,-1.5
3519,綠能,-31.9,-33.9,-22.2
3520,華盈,-1.6,-3.3,0.5
3521,鴻翊,-4.8,-6.7,-2.8
3522,御頂,-3.9,-6.1,-1.5
3523,迎輝,-7.4,-8.9,-4.5
3525,,,,
3526,凡甲,8.7,7.3,10.1
3527,聚積,1.2,-0.4,3.0
3528,安馳,8.7,8.1,9.4
3529,力旺,19.9,18.5,20.9
3530,晶相光,-2.4,-4.4,1.2
3531,先益,0.7,-0.5,2.0
3532,台勝科,4.4,2.5,6.2
3533,嘉澤,21.5,20.5,22.4
3535,晶彩科,1.9,0.5,3.6
3536,誠創,-8.3,-10.8,-5.4
3537,堡達,8.7,7.6,9.7
3539,,,,
3540,曜越,6.8,5.2,8.4
3541,西柏,11.5,10.9,12.1
3543,州巧,54.6,51.6,56.0
3545,敦泰,4.3,2.6,6.8
3546,宇峻,7.9,6.7,9.7
3548,兆利,5.2,3.4,7.2
3550,聯穎,0.6,-0.3,1.9
3551,世禾,3.8,2.9,4.8
3552,同致,22.1,21.4,22.6
3554,,,,
3555,重鵬,-1.6,-3.9,4.2
3556,禾瑞亞,6.0,4.6,7.6
3557,嘉威,15.1,11.7,18.3
3558,神準,-1.7,-2.6,-0.7
3562,頂晶科,-2.6,-5.7,1.0
3563,牧德,30.6,29.6,31.0
3564,其陽,-8.4,-9.5,-6.4
3566,,,,
3567,逸昌,11.1,10.1,12.0
3570,大塚,12.2,11.6,12.8
3572,,,,
3573,穎台,-11.9,-12.7,-8.9
3576,聯合再生,-4.2,-5.7,-1.9
3577,泓格,5.1,4.4,5.8
3579,尚志,-24.0,-25.4,-16.8
3580,友威科,10.6,8.0,13.6
3581,博磊,3.0,1.4,5.0
3583,辛耘,2.6,1.7,3.9
3585,,,,
3587,閎康,13.5,12.9,14.1
3588,通嘉,0.7,-1.0,3.0
3591,艾笛森,-6.4,-8.0,-3.9
3592,,,,
3593,力銘,-1.0,-2.3,0.8
3594,磐儀,1.5,0.4,2.9
3595,,,,
3596,智易,7.9,6.9,9.3
3597,映興,24.3,22.5,26.6
3601,,,,
3603,,,,
3605,宏致,1.6,0.5,3.5
3607,谷崧,-7.2,-8.0,-5.4
3609,東林,2.2,0.4,3.5
3611,鼎翰,21.1,20.6,21.3
3615,安可,-4.5,-5.9,-2.1
3617,碩天,1.9,0.7,3.1
3622,洋華,-3.1,-5.1,-0.3
3623,富晶通,-5.4,-7.4,-2.9
3624,光頡,0.3,-1.1,2.0
3625,西勝,-0.7,-2.4,1.2
3627,,,,
3628,盈正,-6.9,-8.8,-4.8
3629,地心引力,8.9,4.4,12.8
3630,新鉅科,-0.8,-3.0,1.7
3631,晟楠,2.3,1.1,4.0
3632,研勤,-9.1,-10.1,-6.9
3633,,,,
3637,,,,
3642,駿熠電,-4.5,-5.5,-2.7
3645,達邁,8.8,7.5,10.0
3646,艾恩特,0.5,-0.9,2.5
3648,,,,
3652,精聯,-0.9,-1.9,0.4
3653,健策,11.3,9.8,12.7
3656,,,,
3659,,,,
3661,世芯-KY,31.5,27.2,35.0
3662,樂陞,-7.0,-7.5,-5.1
3663,鑫科,2.6,1.8,3.6
3664,安瑞-KY,-6.8,-8.8,-4.2
3665,貿聯-KY,19.0,17.5,20.2
3666,光耀,13.2,10.6,16.9
3669,圓展,13.0,11.3,14.2
3672,康聯訊,-6.4,-8.0,-2.9
3673,TPK-KY,-11.5,-13.1,-9.0
3674,,,,
3675,德微,13.0,11.5,14.4
3678,,,,
3679,新至陞,11.5,10.5,12.5
3680,家登,26.7,25.6,27.6
3682,亞太電,-4.1,-5.0,-2.2
3683,,,,
3684,榮昌,0.2,-0.8,1.4
3685,元創精密,-3.6,-4.6,-2.2
3686,達能,0.0,-2.9,5.6
3687,歐買尬,-5.1,-6.5,-2.2
3688,,,,
3689,湧德,-3.6,-4.6,-1.8
3690,,,,
3691,碩禾,0.4,-0.7,2.3
3693,營邦,-6.8,-8.7,-4.6
3694,海華,0.8,-0.8,2.6
3698,隆達,4.2,3.3,5.3
3701,大眾控,6.9,6.2,8.4
3702,大聯大,14.0,13.5,14.5
3703,欣陸,7.6,7.0,8.3
3704,合勤控,7.6,6.5,9.1
3705,永信,4.8,4.3,5.1
3706,神達,12.8,12.0,13.4
3707,漢磊,12.4,10.2,14.6
3708,上緯投控,5.7,3.0,8.8
3709,鑫聯大投控,7.0,5.9,7.7
3710,連展投控,1.0,-0.2,3.1
3711,日月光投控,4.1,3.1,5.9
3712,永崴投控,4.5,2.2,9.1
3713,新晶投控,178.2,165.5,186.8
3714,,,,
4102,永日,5.2,4.4,5.8
4104,佳醫,2.7,2.1,3.6
4105,東洋,12.9,12.4,13.3
4106,雃博,7.2,6.6,7.7
4107,邦特,20.7,20.2,21.0
4108,懷特,-3.7,-4.8,-2.0
4109,加捷生醫,3.6,3.0,4.4
4111,濟生,5.4,4.7,6.0
4113,聯上,11.8,11.1,12.2
4114,健喬,9.4,8.8,10.0
4115,,,,
4116,明基醫,-11.5,-12.9,-8.8
4117,,,,
4118,,,,
4119,旭富,15.0,14.5,15.2
4120,友華,9.5,9.0,9.7
4121,優盛,2.9,1.6,4.3
4123,晟德,20.4,19.8,20.8
4126,太醫,16.6,16.1,16.8
4127,天良,-3.6,-4.9,-2.2
4128,中天,10.7,9.7,11.7
4129,聯合,7.0,6.3,7.5
4130,健亞,3.8,2.9,4.7
4131,晶宇,-5.0,-6.7,-3.5
4132,,,,
4133,亞諾法,0.1,-1.1,1.5
4135,,,,
4136,,,,
4137,麗豐-KY,0.4,-0.8,2.6
4138,曜亞,-2.0,-2.8,-1.1
4139,馬光-KY,6.0,5.1,6.8
4141,龍燈-KY,-14.5,-15.3,-12.4
4142,國光生,5.8,4.5,7.2
4144,康聯-KY,0.9,0.6,1.7
4147,中裕,-10.8,-12.0,-8.8
4148,全宇生技-KY,-11.2,-12.2,-7.9
4150,,,,
4151,,,,
4152,台微體,-12.3,-13.3,-10.2
4153,鈺緯,-1.6,-2.6,-0.5
4154,康樂-KY,1.7,0.8,2.6
4155,訊映,-0.6,-1.4,0.5
4157,太景*-KY,-7.8,-9.3,-4.8
4159,,,,
4160,創源,-4.1,-5.1,-2.8
4161,聿新科,-5.3,-5.9,-4.3
4162,智擎,-5.3,-6.0,-3.8
4163,鐿鈦,2.3,1.3,3.5
4164,承業醫,-6.7,-7.5,-4.8
4166,,,,
4167,松瑞藥,6.7,5.4,8.0
4168,醣聯,-9.6,-11.2,-6.5
4169,,,,
4170,,,,
4171,瑞基,18.9,16.4,20.8
4172,,,,
4173,久裕,-4.9,-6.2,-3.1
4174,浩鼎,-12.0,-13.3,-8.4
4175,杏一,-1.2,-1.9,-0.2
4177,,,,
4180,安成藥,-15.3,-16.1,-12.6
4183,福永生技,-9.1,-10.9,-6.7
4184,,,,
4186,,,,
4188,安克,-10.1,-11.1,-7.3
4189,,,,
4190,佐登-KY,-0.2,-1.6,1.7
4191,,,,
4192,杏國,-2.1,-3.9,0.4
4193,,,,
4194,,,,
4195,,,,
4197,,,,
4198,欣大健康,-14.2,-18.4,-8.4
4205,中華食,17.5,17.1,17.7
4207,環泰,5.1,4.5,5.6
4303,信立,30.6,29.8,31.2
4304,勝昱,-3.1,-4.9,-1.0
4305,世坤,10.9,10.2,11.3
4306,炎洲,4.7,4.1,5.4
4401,東隆興,10.1,9.4,10.5
4402,福大,3.0,2.0,4.6
4406,新昕纖,0.6,-0.1,1.2
4413,飛寶企業,17.8,16.8,18.2
4414,如興,3.8,2.6,6.4
4415,台原藥,-18.8,-21.6,-13.7
4416,三圓,3.5,2.9,4.2
4417,金洲,13.9,13.3,14.3
4419,元勝,0.7,-1.3,2.0
4420,光明,6.5,6.0,6.8
4426,利勤,15.2,14.3,16.0
4427,,,,
4429,聚紡,-1.9,-2.8,-1.0
4430,耀億,-4.5,-5.5,-3.2
4431,,,,
4432,銘旺實,-4.9,-5.7,-3.8
4433,興采,7.5,6.2,8.9
4438,廣越,-5.2,-6.0,-4.0
4439,冠星-KY,-11.3,-11.5,-8.7
4440,,,,
4502,健信,15.0,13.1,16.4
4503,金雨,4.9,3.4,6.5
4506,崇友,15.9,15.3,16.3
4510,高鋒,3.8,2.7,4.8
4513,福裕,0.4,-0.4,1.0
4523,永彰,2.6,1.1,3.9
4526,東台,-0.6,-1.2,0.1
4527,方土霖,8.0,7.3,8.5
4528,江興鍛,13.7,13.1,14.2
4529,淳紳,0.8,-0.2,1.7
4530,宏易,8.1,6.6,9.7
4532,瑞智,4.5,3.4,6.0
4533,協易機,1.8,1.0,2.4
4534,慶騰,0.1,-1.3,1.6
4535,至興,2.7,2.3,3.2
4536,拓凱,3.8,2.9,4.9
4537,,,,
4538,大詠城,-2.7,-3.6,-1.0
4539,,,,
4540,全球傳動,-17.3,-18.7,-13.6
4541,晟田,-12.2,-13.0,-10.1
4542,科嶠,-5.7,-6.8,-3.3
4543,萬在,-10.4,-11.4,-8.6
4544,,,,
4545,銘鈺,-13.1,-14.6,-10.4
4546,,,,
4547,,,,
4548,,,,
4549,桓達,0.1,-0.7,1.3
4550,長佳,3.2,2.3,4.4
4551,智伸科,20.2,19.1,21.4
4552,力達-KY,-14.1,-14.6,-11.3
4553,,,,
4554,橙的,-14.3,-16.5,-9.7
4555,氣立,-4.1,-4.7,-3.1
4556,旭然,-1.7,-2.5,-1.0
4557,永新-KY,3.4,2.8,3.9
4558,,,,
4559,,,,
4560,強信-KY,7.7,6.7,8.2
4561,健椿,-12.2,-13.5,-8.6
4562,穎漢,-16.9,-17.2,-15.2
4563,百德,-22.6,-23.3,-20.7
4564,元翎,-21.4,-22.0,-18.9
4565,,,,
4566,時碩工業,-4.7,-5.8,-1.5
4568,科際精密,-3.6,-4.5,-1.9
4570,,,,
4571,鈞興-KY,-6.4,-6.8,-3.3
4572,駐龍,-24.2,-24.2,-21.5
4573,,,,
4575,,,,
4576,大銀微系統,2.5,1.8,5.1
4577,,,,
4578,,,,
4580,捷流閥業,-16.1,-16.1,-12.1
4581,光隆精密-KY,-12.0,-12.5,-9.5
4582,,,,
4583,,,,
4609,唐鋒,1.1,0.4,1.9
4702,中美實,6.9,5.8,7.9
4706,大恭,7.9,7.4,8.2
4707,磐亞,1.5,0.3,2.7
4711,永純,5.9,5.3,6.3
4712,南璋,2.3,1.5,3.0
4714,永捷,7.3,6.5,7.9
4716,大立,6.1,5.2,6.7
4720,德淵,3.2,2.5,3.9
4721,美琪瑪,13.0,12.2,13.5
4722,國精化,10.5,9.6,11.3
4724,,,,
4725,信昌化,-5.5,-7.0,-2.7
4726,永昕,-6.8,-8.4,-3.8
4728,雙美,11.1,9.9,12.1
4729,熒茂,-3.3,-4.7,-1.5
4730,,,,
4732,,,,
4735,豪展,20.8,19.6,21.8
4736,泰博,14.1,13.2,14.9
4737,華廣,0.8,-0.3,2.0
4738,,,,
4739,康普,13.8,12.8,14.3
4741,泓瀚,-14.8,-15.7,-12.6
4743,合一,30.3,29.0,31.2
4744,皇將,-5.2,-5.9,-3.7
4745,合富-KY,-4.2,-5.1,-2.9
4746,台耀,-3.5,-4.6,-2.0
4747,強生,-5.4,-6.0,-4.1
4752,,,,
4754,國碳科,2.3,1.5,3.4
4755,三福化,12.9,11.9,13.6
4757,,,,
4760,勤凱,69.4,66.8,71.6
4763,材料-KY,2.2,1.2,3.5
4764,雙鍵,5.6,4.8,6.7
4765,,,,
4766,南寶,21.9,20.7,22.9
4767,誠泰科技,10.0,9.3,10.4
4768,,,,
4769,,,,
4770,,,,
4803,VHQ-KY,-14.7,-15.4,-12.1
4804,大略-KY,-21.0,-23.4,-15.2
4806,昇華,-25.7,-27.2,-19.6
4807,日成-KY,-14.7,-15.5,-11.9
4903,聯光通,4.6,3.9,5.2
4904,遠傳,7.4,7.1,7.7
4905,台聯電,12.8,12.1,13.2
4906,正文,1.7,0.9,2.9
4907,富宇,13.7,12.8,15.0
4908,前鼎,6.8,6.0,7.6
4909,新復興,-0.1,-0.9,1.3
4911,德英,-5.9,-7.1,-4.4
4912,聯德控股-KY,15.8,14.8,16.5
4915,致伸,8.9,8.1,9.6
4916,事欣科,7.2,6.5,8.4
4919,新唐,3.7,2.3,5.2
4920,,,,
4923,,,,
4924,欣厚-KY,-4.0,-5.7,-1.5
4925,,,,
4927,泰鼎-KY,12.2,11.2,13.0
4930,燦星網,1.0,-0.3,2.7
4931,新盛力,-14.7,-15.4,-12.9
4933,友輝,2.6,1.3,4.2
4934,太極,7.8,6.0,10.4
4935,茂林-KY,9.5,7.9,10.9
4938,和碩,8.8,8.0,9.4
4939,亞電,5.1,3.8,6.8
4942,嘉彰,3.1,2.5,4.5
4943,康控-KY,14.7,13.2,15.8
4944,兆遠,1.2,-2.0,4.7
4945,陞達科技,-1.8,-2.1,-1.2
4946,辣椒,-7.7,-9.3,-4.2
4947,昂寶-KY,7.0,5.6,8.5
4949,,,,
4950,牧東,3.1,1.6,5.6
4951,,,,
4952,凌通,10.7,9.8,11.4
4953,緯軟,18.2,16.8,19.8
4956,光鋐,-0.4,-1.8,1.6
4958,臻鼎-KY,11.5,10.7,11.9
4960,誠美材,-0.7,-1.7,0.8
4961,天鈺,51.9,49.2,54.4
4966,譜瑞-KY,23.2,22.2,24.1
4967,十銓,38.7,36.9,40.9
4968,立積,36.4,33.9,38.6
4971,IET-KY,-2.3,-3.0,-0.6
4972,湯石照明,4.2,3.6,4.9
4973,廣穎,3.9,2.8,5.3
4974,亞泰,12.5,11.8,13.0
4976,佳凌,10.2,8.4,12.3
4977,眾達-KY,10.6,9.8,11.9
4979,華星光,5.3,4.7,6.5
4980,,,,
4981,,,,
4985,,,,
4987,科誠,6.1,5.4,6.7
4989,榮科,-2.9,-3.5,0.9
4991,環宇-KY,4.1,3.3,5.2
4994,傳奇,8.7,8.3,9.5
4995,晶達,9.7,8.8,10.4
4999,鑫禾,1.1,0.5,2.5
5007,三星,8.9,8.4,9.4
5009,榮剛,2.3,1.6,3.1
5011,久陽,19.4,17.8,21.0
5013,強新,12.0,11.5,12.4
5014,建錩,7.2,6.3,8.0
5015,華祺,11.9,11.2,12.3
5016,松和,9.0,8.5,9.4
5102,富強,5.3,4.8,5.7
5201,凱衛,4.8,3.5,6.2
5202,力新,6.8,5.6,8.0
5203,訊連,6.1,5.5,6.6
5205,中茂,0.3,-1.4,1.7
5206,坤悅,12.7,11.3,14.1
5209,新鼎,13.6,13.0,14.0
5210,寶碩,1.8,1.0,2.6
5211,蒙恬,2.2,1.5,2.9
5212,凌網,9.1,8.2,9.9
5213,亞昕,18.4,17.8,18.7
5214,,,,
5215,科嘉-KY,22.6,21.6,23.4
5216,,,,
5219,,,,
5220,萬達光電,19.3,17.7,20.4
5222,,,,
5223,安力-KY,28.2,26.4,30.8
5225,東科-KY,-4.1,-4.9,-2.3
5227,立凱-KY,-14.2,-15.2,-9.9
5228,,,,
5230,雷笛克光學,-3.3,-3.8,-2.0
5233,,,,
5234,達興材料,16.2,15.4,16.9
5236,,,,
5240,,,,
5243,乙盛-KY,8.2,7.1,9.7
5244,,,,
5245,智晶,-0.1,-1.3,1.5
5246,,,,
5248,,,,
5251,天鉞電,-6.5,-7.2,-5.2
5254,,,,
5256,,,,
5258,虹堡,-7.8,-9.5,-5.4
5259,奕智博,-11.0,-12.9,-3.8
5260,,,,
5262,,,,
5263,智崴,9.0,8.3,9.6
5264,鎧勝-KY,-1.3,-2.8,0.8
5266,F*AS,-7.4,-8.1,-5.2
5267,,,,
5268,,,,
5269,祥碩,40.8,39.1,42.3
5271,,,,
5272,笙科,-2.8,-3.7,-1.1
5274,信驊,37.0,36.2,37.7
5276,達輝-KY,-5.4,-6.7,-3.3
5277,,,,
5278,尚凡,4.8,1.6,8.8
5281,大峽谷-KY,-3.0,-4.5,-0.8
5283,禾聯碩,15.6,15.1,17.1
5284,jpp-KY,-4.8,-5.3,-3.7
5285,界霖,14.8,13.9,15.8
5286,,,,
5287,數字,2.6,1.8,3.5
5288,豐祥-KY,8.5,7.4,9.4
5289,宜鼎,20.1,19.3,20.6
5291,邑昇,-1.5,-2.9,0.4
5292,,,,
5294,,,,
5295,,,,
5297,,,,
5298,,,,
5299,杰力,18.5,17.0,20.2
5301,寶得利,5.3,3.5,6.8
5302,太欣,-1.1,-2.4,0.1
5304,鼎創達,3.7,2.6,4.9
5305,敦南,5.9,4.8,7.0
5306,桂盟,28.6,27.7,29.7
5309,系統電,7.5,5.8,9.5
5310,天剛,12.1,10.7,13.5
5312,寶島科,9.7,9.2,10.0
5314,世紀,-3.0,-4.6,-1.2
5315,光聯,5.7,3.2,8.1
5317,凱美,14.9,13.9,15.8
5321,友銓,13.6,11.9,15.2
5324,士開,18.4,17.8,18.5
5328,華容,5.4,4.2,6.8
5340,建榮,12.1,10.5,13.3
5344,立衛,12.4,11.8,12.7
5345,天揚,1.6,0.1,3.5
5346,力晶,-42.0,-44.9,-29.6
5347,世界,15.6,14.5,16.9
5348,系通,-0.4,-1.2,0.4
5349,先豐,7.2,5.6,8.7
5351,鈺創,2.3,0.8,4.5
5353,台林,8.5,7.7,9.1
5355,佳總,0.1,-0.9,1.2
5356,協益,12.1,11.2,13.0
5364,力麗店,5.3,-0.4,9.3
5371,中光電,5.4,4.4,6.4
5381,合正,1.0,-1.5,3.6
5383,金利,4.5,3.4,5.7
5386,青雲,25.1,24.1,25.6
5387,茂德科技,-46.2,-47.2,-34.7
5388,中磊,9.5,8.6,10.9
5392,應華,-0.7,-1.4,0.2
5398,慕康生醫,9.9,9.2,10.5
5403,中菲,16.7,16.3,17.0
5410,國眾,17.3,16.6,17.8
5425,台半,13.0,12.2,13.8
5426,振發,3.9,3.3,4.4
5432,達威,6.2,5.2,8.6
5434,崇越,9.4,8.4,10.6
5438,東友,1.0,0.3,1.9
5439,高技,12.5,11.6,13.4
5443,均豪,8.7,7.3,10.1
5450,南良,3.2,2.1,4.0
5452,佶優,1.2,-0.0,2.7
5455,昇益,15.2,14.4,15.7
5457,宣德,13.2,11.3,15.2
5460,同協,1.2,0.5,2.2
5464,霖宏,0.3,-0.6,1.2
5465,富驊,5.9,3.9,8.0
5468,凱鈺,11.5,10.5,12.3
5469,瀚宇博,9.7,8.8,10.8
5471,松翰,7.6,6.9,8.4
5474,聰泰,17.2,15.8,18.5
5475,德宏,-4.5,-6.4,-2.2
5478,智冠,8.1,7.4,9.0
5481,新華,-0.1,-1.4,1.2
5483,中美晶,11.6,10.6,12.7
5484,慧友,0.8,-0.9,2.4
5487,通泰,11.3,10.5,12.0
5488,松普,-1.1,-2.3,0.2
5489,彩富,7.3,6.8,7.8
5490,同亨,4.2,3.3,5.2
5493,三聯,12.8,12.1,13.3
5498,凱崴,2.9,1.0,4.9
5508,永信建,11.0,10.4,11.5
5511,德昌,17.1,16.6,17.3
5512,力麒,6.1,5.3,7.1
5514,三豐,11.9,11.3,12.2
5515,建國,7.4,7.0,7.9
5516,雙喜,2.2,1.2,2.9
5519,隆大,6.3,5.4,7.1
5520,力泰,12.0,11.6,12.3
5521,工信,-1.1,-2.1,0.3
5522,遠雄,6.1,5.2,7.6
5523,豐謙,3.1,1.8,4.3
5525,順天,8.9,8.2,9.6
5529,志嘉,2.5,1.6,4.1
5530,龍巖,6.5,4.7,8.2
5531,鄉林,7.7,7.0,8.5
5533,皇鼎,4.7,4.1,5.5
5534,長虹,14.1,13.4,14.7
5536,聖暉,12.3,11.5,12.9
5538,東明-KY,10.6,10.0,11.0
5541,,,,
5543,桓鼎-KY,23.3,21.4,24.0
5546,永固-KY,38.5,36.3,38.6
5547,,,,
5601,台聯櫃,6.6,6.1,6.9
5603,陸海,6.6,5.8,7.4
5604,中連貨,12.6,12.1,13.1
5607,遠雄港,3.5,2.7,4.3
5608,四維航,0.7,0.1,1.5
5609,中菲行,15.0,14.5,15.6
5701,劍湖山,-6.4,-7.5,-3.9
5703,亞都,1.7,1.1,2.2
5704,老爺知,5.3,4.5,5.8
5706,鳳凰,2.7,2.1,3.5
5820,日盛金,7.7,6.7,8.9
5827,,,,
5828,,,,
5830,,,,
5831,,,,
5833,,,,
5834,,,,
5835,,,,
5836,,,,
5838,,,,
5839,,,,
5839A,,,,
5840,,,,
5842,,,,
5843,,,,
5844,,,,
5846,,,,
5847,,,,
5848,,,,
5849,,,,
5850,,,,
5852,,,,
5857,,,,
5858,,,,
5859,,,,
5862,,,,
5863,,,,
5864,致和證,20.1,18.6,21.3
5865,,,,
5866,,,,
5867,,,,
5868,,,,
5870,,,,
5871,中租-KY,26.3,25.7,26.6
5872,,,,
5873,,,,
5874,,,,
5875,,,,
5876,上海商銀,7.3,6.6,8.0
5878,台名,7.6,7.2,7.8
5880,合庫金,7.2,6.8,7.5
5901,,,,
5902,德記,7.9,7.0,8.7
5903,全家,13.0,12.5,13.1
5904,寶雅,29.0,28.4,29.3
5905,南仁湖,-0.3,-1.3,1.0
5906,台南-KY,14.5,10.3,18.9
5907,大洋-KY,-9.2,-10.1,-7.1
6005,群益證,4.8,4.2,5.7
6008,凱基證,3.7,2.6,5.5
6014,,,,
6015,宏遠證,4.6,3.8,5.8
6016,康和證,5.3,4.6,6.2
6020,大展證,2.6,1.9,3.2
6021,大慶證,7.4,6.6,8.2
6023,元大期,8.7,8.3,8.9
6024,群益期,7.2,6.7,7.7
6025,,,,
6026,福邦證,6.9,5.9,7.9
6027,,,,
6028,,,,
6029,,,,
6101,寬魚國際,8.5,6.8,11.4
6103,合邦,1.4,-2.0,4.8
6104,創惟,8.2,6.9,9.9
6107,華美,-2.4,-3.6,-1.0
6108,競國,3.3,2.3,4.4
6109,亞元,3.0,1.8,4.1
6111,大宇資,13.7,13.1,15.0
6112,聚碩,19.5,18.8,19.8
6113,亞矽,4.2,3.1,5.2
6114,久威,9.1,7.3,11.2
6115,鎰勝,9.6,9.1,10.0
6116,彩晶,6.6,4.9,8.8
6117,迎廣,1.9,1.0,2.7
6118,建達,1.8,0.9,2.8
6120,達運,-1.3,-2.9,0.7
6121,新普,17.2,16.7,17.6
6122,擎邦,4.2,3.5,4.7
6123,上奇,13.0,12.3,13.5
6124,業強,1.1,0.0,2.5
6125,廣運,4.7,3.6,5.9
6126,信音,8.4,7.5,9.3
6127,九豪,8.0,7.0,8.9
6128,上福,9.4,8.8,9.9
6129,普誠,1.6,-0.0,3.5
6130,星寶國際,18.3,17.7,18.8
6131,鈞泰,-6.8,-8.5,-4.7
6133,金橋,-0.7,-1.6,0.3
6134,萬旭,-0.7,-2.0,0.8
6136,富爾特,8.7,8.3,9.2
6138,茂達,10.6,9.6,11.9
6139,亞翔,2.1,1.2,3.4
6140,訊達,9.0,8.2,9.5
6141,柏承,5.7,4.7,6.7
6142,友勁,-1.6,-2.6,0.1
6143,振曜,9.2,8.4,9.9
6144,得利影,2.4,1.5,3.2
6146,耕興,16.1,15.4,16.6
6147,頎邦,6.3,4.6,8.0
6148,驊宏資,8.2,6.8,9.5
6150,撼訊,17.0,15.3,19.1
6151,晉倫,8.0,7.2,8.7
6152,百一,-0.9,-2.4,1.1
6153,嘉聯益,4.6,3.3,6.0
6154,順發,-0.8,-1.3,0.1
6155,鈞寶,4.6,3.8,5.3
6156,松上,3.7,1.2,7.4
6158,禾昌,5.1,4.0,6.7
6160,欣技,-5.3,-6.1,-3.9
6161,捷波,7.0,5.7,8.3
6163,華電網,5.9,5.3,6.5
6164,華興,-1.1,-2.3,0.6
6165,捷泰,9.2,7.5,11.2
6166,凌華,10.9,10.1,11.5
6167,久正,2.0,-0.0,4.0
6168,宏齊,0.3,-0.9,1.8
6169,昱泉,7.1,6.4,8.0
6170,統振,2.3,1.4,3.5
6171,亞銳士,6.5,5.5,7.2
6172,互億,7.8,5.8,10.2
6173,信昌電,14.3,12.9,15.5
6174,安,4.8,3.7,6.2
6175,立敦,11.7,10.6,12.7
6176,瑞儀,12.4,11.5,13.3
6177,達麗,12.4,11.4,13.3
6179,亞通,7.9,6.2,9.5
6180,橘子,11.5,10.8,12.1
6182,合晶,4.9,3.9,6.5
6183,關貿,10.8,10.2,11.3
6184,大豐電,8.7,8.4,8.9
6185,幃翔,2.3,1.3,3.5
6186,新潤,9.7,7.6,12.3
6187,萬潤,10.9,9.4,12.0
6188,廣明,5.6,4.7,6.5
6189,豐藝,8.5,7.8,9.4
6190,萬泰科,6.6,5.6,7.6
6191,精成科,3.5,2.2,5.4
6192,巨路,10.2,9.8,10.6
6194,育富,2.9,2.1,4.0
6195,詩肯,17.8,17.0,18.2
6196,帆宣,15.3,14.2,16.7
6197,佳必琪,4.2,3.4,5.1
6198,凌泰,6.5,4.8,8.0
6199,天品,-0.3,-1.7,1.5
6201,亞弘電,8.4,7.9,8.8
6202,盛群,8.7,7.8,9.5
6203,海韻電,9.7,8.8,10.5
6204,艾華,15.9,14.9,16.8
6205,詮欣,5.0,3.7,6.4
6206,飛捷,9.7,9.2,10.1
6207,雷科,7.6,6.9,8.3
6208,日揚,8.9,7.9,9.8
6209,今國光,0.1,-1.7,2.2
6210,慶生,15.0,14.4,15.4
6212,理銘,16.8,16.1,17.5
6213,聯茂,16.3,15.2,17.5
6214,精誠,10.1,9.2,11.1
6215,和椿,-1.5,-3.3,0.4
6216,居易,6.5,5.7,7.3
6217,中探針,9.2,7.9,10.3
6218,豪勉,7.0,6.4,7.4
6219,富旺,13.1,12.2,14.2
6220,岳豐,6.7,5.6,7.7
6221,晉泰,18.9,18.2,19.3
6222,上揚,3.4,1.9,5.0
6223,旺矽,6.3,5.0,7.8
6224,聚鼎,8.8,7.6,10.0
6225,天瀚,-3.6,-5.7,-1.2
6226,光鼎,0.2,-1.3,1.7
6227,茂綸,6.5,5.5,7.5
6228,全譜,2.8,1.8,3.5
6229,研通,9.3,8.3,10.2
6230,超眾,14.5,13.1,16.2
6231,系微,8.7,7.6,9.8
6233,旺玖,2.9,1.3,5.1
6234,高僑,0.3,-1.9,2.0
6235,華孚,1.6,-0.3,3.9
6236,康呈,1.7,0.5,3.2
6237,驊訊,4.3,2.6,6.4
6238,勝麗,31.3,29.7,33.4
6239,力成,6.1,5.4,7.0
6240,松崗,8.8,7.5,10.2
6241,易通展,12.1,11.1,12.5
6242,立康,13.3,11.9,15.3
6243,迅杰,-6.5,-8.4,-3.8
6244,茂迪,-2.5,-4.8,0.9
6245,立端,10.4,9.1,12.0
6246,臺龍,8.3,6.5,10.3
6247,淇譽電,-4.0,-4.8,-3.1
6248,沛波,5.2,3.5,6.9
6251,定穎,3.6,2.5,4.8
6257,矽格,10.8,9.9,12.0
6259,百徽,4.2,1.5,6.6
6261,久元,5.7,4.9,6.5
6263,普萊德,9.2,8.5,10.1
6264,富裔,-3.9,-5.6,-2.0
6265,方土昶,-0.4,-1.4,0.5
6266,泰詠,11.2,10.3,12.1
6269,台郡,18.5,17.8,19.4
6270,倍微,3.7,2.8,4.8
6271,同欣電,9.6,8.5,10.8
6272,,,,
6274,台燿,17.7,16.5,18.9
6275,元山,4.6,3.3,5.8
6276,安鈦克,12.9,11.1,14.3
6277,宏正,7.3,6.6,7.9
6278,台表科,12.0,10.9,13.3
6279,胡連,12.4,11.6,12.9
6281,全國電,9.4,8.9,9.8
6282,康舒,7.2,6.5,8.2
6283,淳安,6.1,4.0,8.5
6284,佳邦,5.7,4.0,7.6
6285,啟,8.3,7.4,9.3
6287,元隆,5.0,3.5,6.7
6288,聯嘉,16.5,14.6,19.5
6289,華上,-2.5,-5.8,0.7
6290,良維,8.0,6.8,9.3
6291,沛亨,3.8,0.8,6.8
6292,迅德,11.9,11.3,12.5
6294,智基,31.1,26.7,34.2
6403,,,,
6404,通訊-KY,-24.0,-28.1,-17.5
6405,悅城,-3.5,-4.8,-1.2
6407,,,,
6409,旭隼,34.6,33.7,34.9
6411,晶焱,17.8,16.5,19.7
6412,群電,10.4,9.7,11.3
6414,樺漢,6.8,5.9,8.0
6415,矽力-KY,36.1,35.1,36.7
6416,瑞祺電通,-3.8,-5.3,-1.1
6417,韋僑,11.3,10.5,12.2
6418,詠昇,-21.0,-21.5,-17.8
6419,京晨科,-9.7,-12.8,-6.8
6420,,,,
6423,,,,
6425,易發,-8.9,-11.2,-5.3
6426,統新,16.3,15.2,18.0
6427,,,,
6428,,,,
6431,光麗-KY,6.2,4.6,8.5
6432,今展科,3.3,1.5,5.6
6434,,,,
6435,大中,35.5,34.0,36.3
6438,迅得,14.2,12.9,16.1
6441,廣錠,27.9,26.2,29.3
6442,光聖,-6.8,-7.6,-5.3
6443,元晶,22.4,19.8,25.8
6444,,,,
6445,,,,
6446,藥華藥,-12.8,-13.6,-10.4
6449,鈺邦,7.0,5.8,9.1
6451,訊芯-KY,0.7,-1.0,3.6
6452,康友-KY,-12.4,-13.3,-10.4
6456,GIS-KY,0.7,-1.0,2.4
6457,紘康,20.2,18.7,21.5
6461,益得,-17.3,-19.7,-13.9
6462,神盾,4.3,3.4,6.1
6464,台數科,2.2,1.8,2.8
6465,威潤,-4.9,-5.4,-3.7
6468,,,,
6469,大樹,16.7,15.8,17.4
6470,宇智,5.6,4.6,7.1
6472,保瑞,57.4,54.1,59.0
6473,,,,
6474,,,,
6475,,,,
6477,安集,28.5,26.7,30.3
6479,,,,
6482,弘煜科,-11.1,-12.1,-9.5
6483,,,,
6484,,,,
6485,點序,-0.3,-1.1,1.2
6486,互動,27.0,25.7,27.5
6488,環球晶,51.2,49.8,51.8
6490,,,,
6491,晶碩,27.2,25.8,31.6
6492,生華科,15.9,11.8,19.4
6493,,,,
6494,九齊,15.8,14.5,16.9
6495,,,,
6496,科懋,-14.3,-15.2,-12.1
6497,亞獅康-KY,-38.5,-39.6,-27.9
6498,,,,
6499,益安,-15.9,-17.2,-13.2
6504,南六,12.4,11.5,12.9
6505,台塑化,6.2,5.8,6.6
6506,雙邦,4.0,2.9,4.7
6508,惠光,7.0,6.4,7.4
6509,聚和,8.0,7.3,8.6
6510,精測,4.2,2.9,6.4
6511,,,,
6512,啟發電,-14.5,-15.4,-12.6
6514,芮特-KY,-4.0,-5.6,-1.3
6515,,,,
6516,勤崴國際,-24.7,-24.9,-21.8
6517,,,,
6518,,,,
6520,,,,
6523,達爾膚,-12.3,-13.9,-9.0
6525,捷敏-KY,10.7,10.0,12.0
6527,明達醫,-21.6,-21.7,-19.3
6529,,,,
6530,創威,-0.6,-1.8,1.3
6531,愛普,40.4,37.1,43.4
6532,瑞耘,17.8,16.1,18.6
6533,晶心科,19.5,16.2,24.6
6534,,,,
6535,順藥,-8.4,-10.6,-6.5
6536,,,,
6538,倉和,23.9,20.7,26.4
6539,,,,
6541,泰福-KY,-19.3,-20.8,-16.2
6542,隆中,-6.4,-7.6,-4.0
6543,,,,
6545,,,,
6546,,,,
6547,高端疫苗,37.3,34.3,38.9
6548,長科*,-12.2,-14.2,-7.3
6549,,,,
6550,,,,
6552,易華電,12.7,11.4,14.1
6553,,,,
6555,,,,
6556,勝品,3.7,2.3,5.2
6558,興能高,11.9,10.8,14.3
6559,,,,
6560,欣普羅,12.0,8.1,15.0
6561,是方,24.2,21.9,25.3
6562,,,,
6563,,,,
6564,,,,
6565,,,,
6566,,,,
6568,宏觀,0.1,-0.8,1.7
6569,醫揚,2.4,1.3,3.7
6570,維田,6.6,5.6,7.2
6572,,,,
6573,虹揚-KY,-18.2,-19.4,-15.7
6574,霈方,-15.5,-15.7,-13.6
6575,,,,
6576,逸達,15.5,12.7,16.9
6577,勁豐,-0.3,-1.6,0.9
6578,達邦蛋白,-2.8,-3.9,-1.6
6579,研揚,-4.1,-4.6,-2.9
6580,,,,
6581,鋼聯,-8.1,-8.8,-5.9
6582,申豐,27.5,25.4,28.5
6583,,,,
6584,,,,
6585,,,,
6586,,,,
6587,,,,
6588,東典光電,-49.9,-50.1,-46.6
6589,台康生技,23.1,20.3,24.6
6590,普鴻,22.1,19.8,22.9
6591,動力-KY,-3.0,-4.4,-0.1
6592,和潤企業,-5.7,-5.8,-3.6
6593,台灣銘板,-9.2,-9.9,-7.4
6594,展匯科,-7.8,-9.6,-4.5
6595,,,,
6596,寬宏藝術,3.2,2.2,4.9
6597,,,,
6598,ABC-KY,-49.1,-50.1,-45.8
6599,,,,
6603,富強鑫,6.5,5.7,7.1
6605,帝寶,0.5,-0.2,1.5
6606,,,,
6609,瀧澤科,5.0,4.3,5.7
6610,,,,
6611,,,,
6612,奈米醫材,-8.7,-9.7,-6.3
6613,朋億,-0.5,-1.1,0.3
6614,,,,
6615,慧智,-14.5,-15.8,-13.2
6616,特昇-KY,9.4,7.4,13.4
6617,,,,
6618,,,,
6620,,,,
6621,,,,
6622,,,,
6623,,,,
6624,萬年清,-23.8,-23.9,-21.5
6625,必應,-23.7,-23.9,-20.2
6626,,,,
6628,,,,
6629,泰金-KY,34.6,32.4,35.5
6633,,,,
6634,,,,
6635,,,,
6637,,,,
6638,,,,
6639,,,,
6640,均華,21.6,20.4,22.3
6641,基士德-KY,-2.6,-3.2,-1.1
6642,富致,13.7,12.4,15.3
6643,M31,11.4,10.0,13.7
6645,,,,
6646,,,,
6647,,,,
6648,,,,
6649,台生材,-21.0,-21.9,-16.9
6650,,,,
6651,,,,
6652,,,,
6654,天正國際,1.0,0.3,3.1
6655,科定,-2.4,-3.3,-0.8
6656,,,,
6657,,,,
6658,,,,
6659,,,,
6660,,,,
6661,,,,
6662,樂斯科,-13.6,-14.8,-11.3
6663,,,,
6664,群翊,8.5,7.5,9.8
6665,,,,
6666,羅麗芬-KY,-0.5,-1.2,0.8
6667,信紘科,24.3,22.8,25.7
6668,中揚光,-13.7,-14.1,-11.1
6669,緯穎,39.2,37.0,40.4
6670,復盛應用,7.0,6.2,7.8
6671,三能-KY,-1.5,-2.0,-0.3
6672,騰輝電子-KY,-11.5,-11.7,-9.7
6673,,,,
6674,鋐寶科技,-1.9,-2.8,1.0
6676,,,,
6677,,,,
6679,鈺太,56.4,53.5,58.8
6680,鑫創電子,-3.9,-4.5,-2.8
6682,,,,
6683,雍智科技,57.8,54.5,61.8
6684,,,,
6688,,,,
6689,,,,
6690,安硌穈T,8.6,6.7,9.8
6691,,,,
6692,,,,
6693,,,,
6694,,,,
6695,,,,
6696,,,,
6697,東捷資訊,-7.4,-8.1,-5.6
6698,旭暉應材,-21.3,-21.9,-18.5
6699,,,,
6703,軒郁,2.2,1.5,3.2
6704,,,,
6705,,,,
6706,惠特,47.3,45.1,50.2
6707,,,,
6708,,,,
6709,,,,
6712,,,,
6713,,,,
6715,嘉基,18.1,16.5,19.7
6716,應廣,51.4,47.7,52.0
6717,,,,
6719,,,,
6720,,,,
6721,,,,
6722,,,,
6723,,,,
6724,,,,
6725,,,,
6726,,,,
6727,亞泰金屬,-7.0,-7.4,-6.1
6728,上洋,16.7,15.7,17.9
6729,,,,
6730,,,,
6731,,,,
6732,昇佳電子,4.2,3.3,5.2
6733,,,,
6734,,,,
6735,,,,
6736,,,,
6737,,,,
6738,,,,
6739,,,,
6740,,,,
6742,,,,
6743,安普新,13.8,12.5,13.9
6744,,,,
6746,,,,
6747,,,,
6748,,,,
6749,,,,
6750,,,,
6751,智聯服務,-9.6,-9.8,-9.0
6752,叡揚,4.3,4.1,4.6
6753,,,,
6754,匯僑設計,-23.2,-23.5,-21.5
6755,,,,
6756,威鋒電子,-10.4,-10.6,-9.6
6757,,,,
6758,,,,
6760,,,,
6761,,,,
6762,達亞,2.4,2.2,2.8
6763,,,,
6764,,,,
6767,,,,
6770,,,,
6771,,,,
6772,,,,
6775,,,,
6776,,,,
6778,,,,
6779,,,,
6780,,,,
6782,,,,
6784,,,,
6785,,,,
6786,,,,
6787,,,,
6788,,,,
6789,,,,
6790,,,,
6791,,,,
6792,,,,
6793,,,,
6794,,,,
6795,,,,
6796,,,,
6797,,,,
6798,,,,
6799,,,,
6803,崑鼎,9.9,9.5,10.2
6804,,,,
6805,,,,
6806,,,,
6808,,,,
6810,,,,
6811,,,,
6812,,,,
6813,,,,
6814,,,,
6815,,,,
6816,,,,
6817,,,,
6818,,,,
6819,,,,
6820,,,,
6821,,,,
6822,,,,
6823,,,,
6824,,,,
6825,,,,
6826,,,,
6827,,,,
7402,邑錡,-11.1,-11.9,-9.3
7419,,,,
7427,,,,
7443,,,,
7452,,,,
7507,,,,
7516,,,,
7547,,,,
7551,,,,
7555,,,,
7556,意德士,4.1,3.0,4.8
7558,,,,
7561,,,,
7566,,,,
7570,,,,
7575,,,,
7584,,,,
7595,,,,
8011,台通,-2.0,-2.8,-0.2
8015,,,,
8016,矽創,9.4,8.3,10.6
8021,尖點,0.8,-0.5,2.4
8022,,,,
8024,佑華,-0.6,-1.5,0.4
8027,鈦昇,20.8,18.1,23.7
8028,昇陽半導體,14.8,13.3,17.2
8029,,,,
8032,光菱,4.0,2.9,5.2
8033,雷虎,-1.1,-2.6,0.5
8034,榮群,4.8,3.2,6.1
8038,長園科,-5.2,-6.2,-2.8
8039,台虹,5.8,4.3,7.6
8040,九暘,0.5,-1.8,2.5
8041,,,,
8042,金山電,11.7,11.0,12.3
8043,蜜望實,4.4,3.3,5.8
8044,網家,7.9,6.9,8.9
8045,,,,
8046,南電,5.8,4.0,7.7
8047,星雲,1.5,0.6,2.1
8048,德勝,7.9,6.9,8.7
8049,晶采,7.2,5.4,8.9
8050,廣積,5.3,4.7,6.0
8053,巨擘,-20.5,-23.0,-15.0
8054,安國,-1.8,-2.6,-0.5
8059,凱碩,-2.0,-4.1,0.0
8064,東捷,-2.1,-3.7,0.0
8066,來思達,17.6,13.4,23.1
8067,志旭,0.5,-0.7,1.6
8068,全達,9.1,8.1,9.8
8069,元太,9.7,8.8,10.7
8070,長華*,-5.5,-6.7,-3.6
8071,能率網通,4.1,3.1,5.3
8072,陞泰,-2.3,-3.0,-1.5
8074,鉅橡,3.4,2.4,4.6
8076,伍豐,-2.7,-3.6,-1.2
8077,洛,3.5,1.7,5.5
8078,華寶,-2.9,-5.3,0.5
8080,永利聯合,-6.5,-7.8,-4.7
8081,致新,4.1,2.9,6.0
8083,瑞穎,18.8,18.3,19.1
8084,巨虹,10.0,8.5,11.3
8085,福華,4.2,3.2,5.2
8086,宏捷科,18.0,16.8,19.1
8087,華鎂鑫,3.3,2.0,4.3
8088,品安,7.8,6.1,9.6
8089,康全電訊,-23.4,-24.1,-22.0
8091,翔名,12.0,11.2,12.6
8092,建暐,-2.7,-3.9,-1.4
8093,保銳,2.6,1.0,3.9
8096,擎亞,-0.2,-1.8,1.6
8097,常珵,0.7,-1.6,3.5
8099,大世科,6.3,5.5,7.2
8101,華冠,-8.0,-9.7,-5.4
8103,瀚荃,3.4,2.6,4.7
8104,錸寶,-15.8,-16.0,-10.5
8105,凌巨,-1.3,-2.5,0.2
8107,大億金茂,1.0,-0.5,2.6
8109,博大,18.7,18.2,19.0
8110,華東,1.3,-0.2,3.2
8111,立,1.9,-0.2,3.9
8112,至上,9.6,8.2,11.6
8114,振樺電,4.9,4.0,6.0
8115,,,,
8119,,,,
8121,越峰,1.7,0.5,3.2
8127,,,,
8131,福懋科,4.4,3.3,5.6
8134,,,,
8140,,,,
8147,正淩,7.8,6.7,8.6
8150,南茂,2.6,1.7,3.9
8152,,,,
8155,博智,22.0,20.6,23.4
8163,達方,3.7,2.2,5.4
8171,天宇,11.6,9.7,14.0
8176,智捷,-2.9,-4.1,-0.4
8179,,,,
8182,加高,4.4,3.4,5.5
8183,精星,5.7,4.2,7.3
8201,無敵,-6.1,-7.4,-4.3
8210,勤誠,13.7,12.5,15.1
8213,志超,4.0,3.2,5.2
8215,明基材,4.4,3.0,5.9
8218,,,,
8222,寶一,-4.7,-5.7,-3.5
8225,,,,
8227,,,,
8234,新漢,0.6,-0.6,2.6
8240,華宏,-1.3,-3.1,0.8
8242,,,,
8249,菱光,0.8,-0.7,2.5
8255,朋程,4.5,3.3,5.7
8261,富鼎,4.6,2.6,7.2
8271,宇瞻,9.5,8.6,10.5
8277,商丞,-2.3,-4.6,0.7
8279,生展,0.8,-0.6,2.7
8281,,,,
8284,三竹,-28.4,-28.6,-26.6
8287,英格爾,-15.0,-15.7,-12.1
8289,泰藝,0.2,-0.9,1.3
8291,尚茂,-5.6,-6.6,-3.8
8298,,,,
8299,群聯,13.4,12.8,14.3
8304,,,,
8305,,,,
8307,,,,
8308,,,,
8309,,,,
8310,,,,
8312,,,,
8315,,,,
8323,,,,
8327,,,,
8329,,,,
8330,,,,
8338,,,,
8341,日友,26.3,25.1,26.7
8342,益張,7.2,6.6,8.0
8343,,,,
8349,矬,13.0,12.4,13.3
8350,,,,
8354,冠好,5.9,5.2,6.5
8358,金居,11.1,9.4,12.4
8359,,,,
8360,,,,
8366,,,,
8367,建新國際,14.8,13.6,15.8
8368,,,,
8370,,,,
8374,羅昇,2.3,1.2,3.7
8376,,,,
8379,,,,
8383,千附,6.7,5.9,7.4
8387,,,,
8390,金益鼎,0.2,-1.2,1.9
8391,,,,
8392,,,,
8394,,,,
8399,,,,
8401,白紗科,-0.5,-1.4,0.4
8403,盛弘,2.2,1.3,3.2
8404,百和興業-KY,6.1,4.9,7.3
8406,金可-KY,-3.5,-4.1,-2.3
8409,商之器,-7.2,-8.7,-5.3
8410,森田,2.2,0.5,4.0
8411,福貞-KY,-6.1,-6.8,-4.5
8415,大國鋼,12.2,11.3,12.6
8416,實威,10.5,9.6,11.2
8418,捷必勝-KY,-7.7,-8.4,-6.2
8420,明揚,7.8,7.1,8.4
8421,旭源,-5.3,-6.1,-4.2
8422,可寧衛,4.2,3.7,4.7
8423,保綠-KY,-4.6,-5.3,-3.2
8424,惠普,12.6,12.1,12.8
8426,紅木-KY,-5.9,-6.6,-4.6
8427,基勝-KY,1.6,1.1,2.4
8429,金麗-KY,-13.4,-13.8,-11.1
8431,匯鑽科,4.6,2.9,6.5
8432,東生華,-0.7,-1.4,0.4
8433,弘帆,8.5,7.9,9.0
8435,鉅邁,8.9,8.6,9.2
8436,大江,17.4,16.7,18.5
8437,大地-KY,8.5,7.7,9.6
8438,,,,
8440,綠電,-7.1,-8.6,-4.8
8442,威宏-KY,1.9,1.4,2.6
8443,阿瘦,-12.3,-12.9,-10.0
8444,綠河-KY,2.2,1.4,3.6
8446,華研,3.3,2.3,5.0
8450,霹靂,-18.3,-18.7,-15.2
8452,,,,
8453,,,,
8454,富邦媒,15.9,14.6,16.7
8455,大拓-KY,5.6,4.1,6.8
8456,,,,
8458,,,,
8459,,,,
8462,柏文,29.3,28.2,29.8
8463,潤泰材,5.1,3.6,6.7
8464,億豐,11.2,10.3,12.2
8465,,,,
8466,美吉吉-KY,-6.8,-7.7,-5.4
8467,波力-KY,-1.4,-2.8,0.6
8469,,,,
8472,夠麻吉,-1.4,-4.6,2.9
8473,山林水,-3.0,-3.5,-2.0
8475,,,,
8476,台境,-15.0,-16.3,-11.4
8477,創業家,-8.6,-9.6,-6.5
8478,東哥遊艇,3.2,2.0,6.0
8479,,,,
8480,泰昇-KY,8.5,7.7,9.0
8481,政伸,15.3,14.5,16.2
8482,商億-KY,1.7,1.2,2.7
8486,,,,
8487,,,,
8488,吉源-KY,-13.5,-14.5,-10.9
8489,三貝德,-13.5,-14.2,-11.2
8490,,,,
8491,,,,
8492,,,,
8495,,,,
8496,,,,
8497,格威傳媒,14.8,14.0,15.5
8499,鼎炫-KY,2.2,0.8,5.0
8905,裕國,4.2,3.5,4.7
8906,花王,8.4,7.7,9.1
8908,欣雄,17.5,16.8,17.7
8913,全銓,25.1,24.0,25.4
8916,光隆,13.1,12.5,13.4
8917,欣泰,9.0,8.6,9.2
8921,沈氏,3.9,3.4,4.2
8923,時報,5.1,4.6,5.5
8924,大田,5.5,4.0,6.8
8926,台汽電,12.9,12.4,13.2
8927,北基,4.4,3.8,4.9
8928,鉅明,8.2,7.2,9.0
8929,富堡,9.7,9.1,10.2
8930,青鋼,9.3,8.8,9.7
8931,大汽電,11.6,11.0,12.0
8932,宏大,5.2,4.2,6.0
8933,愛地雅,2.2,1.2,3.5
8934,衡平,13.4,11.5,14.8
8935,邦泰,-0.8,-2.5,1.0
8936,國統,10.5,9.8,11.1
8937,合騏,-0.5,-1.7,0.8
8938,明安,3.5,2.7,4.4
8940,新天地,-3.6,-4.2,-2.7
8941,關中,9.3,6.4,12.2
8942,森鉅,8.8,7.9,9.7
8943,,,,
8945,,,,
8946,,,,
8948,,,,
8951,,,,
8952,,,,
8953,,,,
8955,,,,
8956,,,,
8957,,,,
8960,,,,
8962,,,,
8963,,,,
8965,,,,
8966,,,,
8967,,,,
8968,,,,
8969,,,,
8970,,,,
8971,,,,
8973,,,,
8974,,,,
8975,,,,
8976,,,,
8977,,,,
8978,,,,
8980,,,,
8981,,,,
8982,,,,
8983,,,,
8985,,,,
8986,,,,
8987,,,,
8988,,,,
8990,,,,
8991,,,,
8992,,,,
8995,,,,
8996,高力,8.8,7.8,9.5
9802,鈺齊-KY,20.5,19.8,21.1
9902,台火,2.7,1.9,3.6
9904,寶成,6.7,6.2,7.2
9905,大華,7.2,6.7,7.5
9906,欣巴巴,31.1,30.2,32.5
9907,統一實,5.0,4.5,5.4
9908,大台北,9.8,9.4,10.1
9910,豐泰,20.9,20.3,21.6
9911,櫻花,16.2,15.6,16.9
9912,偉聯,2.7,1.7,3.7
9914,美利達,20.7,20.2,20.9
9917,中保科,7.5,7.1,7.8
9918,欣天然,7.8,7.4,7.9
9919,康那香,8.3,7.6,8.9
9921,巨大,13.1,12.6,13.5
9924,福興,7.7,7.0,8.6
9925,新保,7.9,7.6,8.3
9926,新海,13.0,12.7,13.1
9927,泰銘,7.7,7.0,8.2
9928,中視,-5.0,-5.5,-3.6
9929,秋雨,8.1,6.9,8.9
9930,中聯資源,9.2,8.8,9.4
9931,欣高,12.0,11.6,12.1
9933,中鼎,10.5,10.1,10.8
9934,成霖,1.4,0.7,2.5
9935,慶豐富,14.4,13.8,15.3
9937,全國,8.8,8.3,9.1
9938,百和,13.4,12.6,14.2
9939,宏全,9.6,9.1,9.9
9940,信義,7.7,7.2,8.3
9941,裕融,14.6,14.0,15.1
9942,茂順,9.9,9.5,10.3
9943,好樂迪,11.7,11.0,12.3
9944,新麗,3.9,3.3,4.5
9945,潤泰新,17.4,16.8,17.7
9946,三發地產,4.2,3.2,5.5
9949,琉園,-0.8,-1.4,0.0
9950,萬國通,1.9,1.5,2.3
9951,皇田,12.1,11.1,13.2
9955,佳龍,-3.3,-4.4,-1.9
9957,,,,
9958,世紀鋼,17.9,16.2,19.5
9960,邁達康,10.4,9.7,11.1
9962,有益,1.9,1.0,3.0
9963,,,,
9964,,,,
9968,,,,
9971,,,,
9977,,,,
9978,,,,
9982,,,,
9983,,,,
9984,,,,
9985,,,,
9986,,,,
